,2532,2632,2732,2832,2932,3032,3132,3232,3332,3432,3532,3632
-4096,0,0,0,0,0,0,0,0,0,0,0,0
-4032,0,0,0,0,0,0,0,0,0,74,443,752
-3968,0,0,0,0,0,0,0,0,0,182,544,849
-3904,0,0,0,0,0,0,0,0,0,287,642,942
-3840,0,0,0,0,0,0,0,0,0,388,736,1032
-3776,0,0,0,0,0,0,0,0,97,490,831,1122
-3712,0,0,0,0,0,0,0,0,205,589,924,1210
-3648,0,0,0,0,0,0,0,0,311,686,1014,1296
-3584,0,0,0,0,0,0,0,2,413,780,1102,1379
-3520,0,0,0,0,0,0,0,112,513,872,1187,1460
-3456,0,0,0,0,0,0,0,220,611,961,1270,1539
-3392,0,0,0,0,0,0,0,324,705,1047,1351,1615
-3328,0,0,0,0,0,0,17,426,797,1132,1429,1689
-3264,0,0,0,0,0,0,127,525,887,1214,1505,1761
-3200,0,0,0,0,0,0,234,621,974,1294,1579,1831
-3136,0,0,0,0,0,0,339,715,1059,1371,1651,1899
-3072,0,0,0,0,0,43,440,806,1142,1447,1721,1965
-3008,0,0,0,0,0,154,539,895,1222,1520,1789,2029
-2944,0,0,0,0,0,261,635,982,1301,1592,1855,2091
-2880,0,0,0,0,0,365,729,1066,1377,1661,1919,2151
-2816,0,0,0,0,89,467,820,1148,1451,1729,1982,2210
-2752,0,0,0,0,200,566,909,1228,1523,1795,2042,2266
-2688,0,0,0,0,307,662,995,1305,1593,1859,2101,2322
-2624,0,0,0,46,412,756,1079,1381,1661,1921,2159,2375
-2560,0,0,0,159,513,847,1161,1454,1728,1981,2214,2427
-2496,0,0,0,269,612,936,1240,1526,1793,2040,2269,2478
-2432,0,0,27,377,708,1022,1318,1596,1855,2097,2321,2527
-2368,0,0,143,481,802,1106,1393,1663,1917,2153,2372,2575
-2304,0,0,255,582,893,1187,1466,1729,1976,2207,2422,2621
-2240,0,34,365,680,981,1267,1538,1793,2034,2260,2471,2666
-2176,0,152,471,776,1067,1344,1607,1856,2090,2311,2518,2710
-2112,0,266,574,869,1151,1419,1674,1916,2145,2361,2563,2753
-2048,68,378,675,960,1232,1492,1740,1976,2199,2409,2608,2794
-1984,187,485,772,1047,1311,1563,1804,2033,2251,2457,2651,2834
-1920,303,590,867,1133,1388,1632,1866,2089,2301,2503,2693,2873
-1856,415,692,959,1216,1463,1700,1927,2143,2350,2547,2734,2911
-1792,524,790,1048,1296,1535,1765,1985,2197,2398,2591,2774,2948
-1728,629,886,1135,1375,1606,1829,2043,2248,2445,2633,2813,2984
-1664,732,979,1219,1451,1675,1890,2098,2298,2490,2675,2851,3019
-1600,831,1069,1301,1525,1741,1951,2153,2347,2535,2715,2887,3053
-1536,927,1157,1380,1596,1806,2009,2205,2395,2578,2754,2923,3086
-1472,1021,1242,1457,1666,1869,2066,2257,2441,2620,2792,2958,3118
-1408,1111,1324,1532,1734,1930,2121,2307,2486,2660,2829,2992,3149
-1344,1199,1404,1605,1800,1990,2175,2355,2530,2700,2865,3025,3180
-1280,1284,1482,1675,1864,2048,2228,2403,2573,2739,2900,3057,3209
-1216,1367,1557,1744,1926,2104,2278,2449,2615,2777,2935,3088,3238
-1152,1447,1630,1810,1986,2159,2328,2493,2655,2813,2968,3119,3266
-1088,1525,1701,1875,2045,2212,2376,2537,2695,2849,3001,3149,3294
-1024,1600,1770,1938,2102,2264,2423,2580,2733,2884,3032,3178,3320
-960,1673,1837,1998,2158,2314,2469,2621,2771,2918,3063,3206,3346
-896,1744,1902,2057,2211,2363,2513,2661,2807,2951,3094,3234,3372
-832,1812,1964,2115,2264,2411,2557,2701,2843,2984,3123,3261,3397
-768,1879,2025,2171,2315,2457,2599,2739,2878,3015,3152,3287,3421
-704,1943,2084,2225,2364,2502,2640,2776,2912,3046,3180,3313,3444
-640,2006,2142,2277,2412,2546,2680,2812,2945,3076,3207,3338,3467
-576,2066,2197,2328,2459,2589,2718,2848,2977,3106,3234,3362,3490
-512,2125,2251,2378,2504,2630,2756,2882,3008,3134,3260,3386,3512
-448,2182,2304,2426,2548,2670,2793,2916,3039,3162,3286,3409,3533
-384,2237,2355,2472,2591,2710,2829,2949,3069,3190,3311,3432,3554
-320,2291,2404,2518,2632,2748,2864,2981,3098,3216,3335,3455,3575
-256,2342,2452,2562,2673,2785,2898,3012,3127,3242,3359,3476,3595
-192,2393,2498,2605,2712,2821,2931,3042,3154,3268,3382,3498,3614
-128,2441,2543,2646,2751,2856,2964,3072,3182,3293,3405,3519,3634
-64,2489,2587,2687,2788,2891,2995,3101,3208,3317,3427,3539,3653
0,2534,2629,2726,2824,2924,3026,3129,3234,3341,3449,3559,3671
64,2579,2671,2764,2860,2957,3056,3157,3260,3364,3471,3579,3689
128,2622,2711,2801,2894,2988,3085,3184,3284,3387,3492,3598,3707
192,2664,2750,2837,2927,3019,3114,3210,3309,3409,3512,3617,3724
256,2704,2787,2872,2960,3050,3142,3236,3332,3431,3532,3636,3741
320,2744,2824,2907,2992,3079,3169,3261,3356,3453,3552,3654,3758
384,2782,2860,2940,3022,3108,3195,3286,3378,3474,3571,3672,3775
448,2819,2894,2972,3052,3136,3221,3310,3401,3494,3590,3689,3791
512,2855,2928,3003,3082,3163,3247,3333,3422,3514,3609,3706,3807
576,2890,2961,3034,3110,3189,3271,3356,3444,3534,3627,3723,3822
640,2924,2993,3064,3138,3215,3295,3379,3465,3553,3645,3740,3838
704,2957,3023,3093,3165,3241,3319,3401,3485,3572,3663,3756,3853
768,2989,3054,3121,3192,3265,3342,3422,3505,3591,3680,3772,3868
832,3020,3083,3149,3218,3290,3365,3443,3525,3610,3697,3788,3882
896,3051,3111,3176,3243,3313,3387,3464,3544,3628,3714,3804,3897
960,3080,3139,3202,3267,3336,3409,3484,3563,3645,3731,3819,3911
1024,3109,3166,3227,3291,3359,3430,3504,3582,3663,3747,3834,3925
1088,3137,3193,3252,3315,3381,3451,3524,3600,3680,3763,3849,3939
1152,3164,3218,3276,3338,3403,3471,3543,3618,3697,3779,3864,3953
1216,3190,3243,3300,3360,3424,3491,3562,3636,3713,3794,3878,3966
1280,3216,3268,3323,3382,3445,3511,3580,3653,3729,3809,3893,3980
1344,3241,3292,3346,3404,3465,3530,3598,3670,3745,3824,3907,3993
1408,3265,3315,3368,3425,3485,3549,3616,3687,3761,3839,3921,4006
1472,3289,3338,3390,3445,3504,3567,3633,3703,3777,3854,3934,4019
1536,3312,3360,3411,3465,3524,3585,3651,3720,3792,3868,3948,4031
1600,3335,3381,3431,3485,3542,3603,3668,3736,3807,3883,3961,4044
1664,3357,3403,3452,3504,3561,3621,3684,3751,3822,3897,3975,4056
1728,3379,3423,3472,3523,3579,3638,3701,3767,3837,3911,3988,4069
1792,3400,3444,3491,3542,3597,3655,3717,3782,3851,3924,4001,4081
1856,3421,3463,3510,3560,3614,3671,3733,3797,3866,3938,4013,4093
1920,3441,3483,3529,3578,3631,3688,3748,3812,3880,3951,4026,4105
1984,3461,3502,3547,3596,3648,3704,3764,3827,3894,3964,4039,4117
2048,3480,3521,3565,3613,3664,3720,3779,3841,3908,3977,4051,4128
2112,3499,3539,3582,3630,3681,3735,3794,3856,3921,3990,4063,4140
2176,3517,3557,3600,3646,3697,3751,3808,3870,3935,4003,4075,4151
2240,3536,3574,3617,3663,3713,3766,3823,3884,3948,4016,4088,4163
2304,3553,3592,3633,3679,3728,3781,3837,3897,3961,4028,4099,4174
2368,3571,3609,3650,3695,3743,3796,3851,3911,3974,4041,4111,4185
2432,3588,3625,3666,3710,3758,3810,3865,3924,3987,4053,4123,4196
2496,3605,3642,3682,3726,3773,3824,3879,3938,4000,4065,4135,4207
2560,3621,3658,3698,3741,3788,3839,3893,3951,4012,4077,4146,4218
2624,3638,3674,3713,3756,3802,3853,3906,3964,4025,4089,4157,4229
2688,3654,3689,3728,3771,3817,3866,3920,3977,4037,4101,4169,4240
2752,3669,3704,3743,3785,3831,3880,3933,3989,4049,4113,4180,4251
2816,3685,3720,3758,3799,3845,3894,3946,4002,4061,4124,4191,4261
2880,3700,3735,3772,3814,3858,3907,3959,4014,4073,4136,4202,4272
2944,3715,3749,3787,3828,3872,3920,3972,4027,4085,4147,4213,4282
3008,3730,3764,3801,3841,3885,3933,3984,4039,4097,4159,4224,4293
3072,3745,3778,3815,3855,3899,3946,3997,4051,4109,4170,4235,4303
3136,3759,3792,3829,3868,3912,3959,4009,4063,4120,4181,4245,4313
3200,3773,3806,3842,3882,3925,3971,4021,4075,4132,4192,4256,4323
3264,3788,3820,3856,3895,3938,3984,4033,4086,4143,4203,4266,4333
3328,3801,3834,3869,3908,3950,3996,4045,4098,4154,4214,4277,4343
3392,3815,3847,3882,3921,3963,4008,4057,4110,4165,4225,4287,4353
3456,3829,3860,3895,3934,3975,4021,4069,4121,4177,4235,4298,4363
3520,3842,3873,3908,3946,3988,4033,4081,4132,4187,4246,4308,4373
3584,3855,3886,3921,3959,4000,4044,4092,4144,4198,4256,4318,4383
3648,3869,3899,3934,3971,4012,4056,4104,4155,4209,4267,4328,4392
3712,3882,3912,3946,3983,4024,4068,4115,4166,4220,4277,4338,4402
3776,3894,3925,3958,3996,4036,4080,4127,4177,4231,4288,4348,4412
3840,3907,3937,3971,4008,4048,4091,4138,4188,4241,4298,4358,4421
3904,3920,3950,3983,4019,4059,4102,4149,4199,4252,4308,4368,4430
3968,3932,3962,3995,4031,4071,4114,4160,4209,4262,4318,4377,4440
4032,3945,3974,4007,4043,4082,4125,4171,4220,4272,4328,4387,4449
4096,3957,3986,4019,4055,4094,4136,4182,4230,4283,4338,4396,4458
4160,3969,3998,4031,4066,4105,4147,4192,4241,4293,4348,4406,4467
4224,3981,4010,4042,4078,4116,4158,4203,4251,4303,4358,4415,4477
4288,3993,4022,4054,4089,4127,4169,4214,4262,4313,4367,4425,4486
4352,4005,4034,4065,4100,4138,4180,4224,4272,4323,4377,4434,4495
4416,4017,4045,4077,4112,4149,4190,4235,4282,4333,4386,4443,4504
4480,4029,4057,4088,4123,4160,4201,4245,4292,4342,4396,4453,4512
4544,4041,4068,4099,4134,4171,4212,4255,4302,4352,4405,4462,4521
4608,4052,4080,4111,4145,4182,4222,4265,4312,4362,4415,4471,4530
4672,4064,4091,4122,4155,4192,4232,4276,4322,4371,4424,4480,4539
4736,4075,4102,4133,4166,4203,4243,4286,4332,4381,4433,4489,4547
4800,4086,4113,4144,4177,4213,4253,4296,4341,4390,4442,4498,4556
4864,4098,4124,4154,4188,4224,4263,4306,4351,4400,4452,4506,4564
4928,4109,4135,4165,4198,4234,4273,4315,4361,4409,4461,4515,4573
4992,4120,4146,4176,4209,4244,4283,4325,4370,4418,4470,4524,4581
5056,4131,4157,4187,4219,4255,4293,4335,4380,4428,4479,4533,4590
5120,4142,4168,4197,4229,4265,4303,4345,4389,4437,4487,4541,4598
5184,4153,4179,4208,4240,4275,4313,4354,4398,4446,4496,4550,4606
5248,4163,4189,4218,4250,4285,4323,4364,4408,4455,4505,4558,4614
5312,4174,4200,4228,4260,4295,4332,4373,4417,4464,4514,4567,4622
5376,4185,4210,4239,4270,4304,4342,4382,4426,4473,4522,4575,4631
5440,4195,4220,4249,4280,4314,4351,4392,4435,4481,4531,4583,4639
5504,4206,4231,4259,4290,4324,4361,4401,4444,4490,4539,4591,4647
5568,4216,4241,4269,4300,4334,4370,4410,4453,4499,4548,4600,4654
5632,4227,4251,4279,4309,4343,4380,4419,4462,4508,4556,4608,4662
5696,4237,4261,4289,4319,4353,4389,4428,4471,4516,4564,4616,4670
5760,4247,4271,4299,4329,4362,4398,4437,4480,4525,4573,4624,4678
5824,4257,4281,4308,4338,4371,4407,4446,4488,4533,4581,4632,4686
5888,4267,4291,4318,4348,4381,4416,4455,4497,4542,4589,4640,4693
5952,4277,4301,4328,4357,4390,4425,4464,4505,4550,4597,4648,4701
6016,4287,4311,4337,4367,4399,4434,4473,4514,4558,4605,4656,4709
6080,4297,4320,4347,4376,4408,4443,4481,4522,4566,4613,4663,4716
6144,4307,4330,4356,4385,4417,4452,4490,4531,4575,4621,4671,4724
6208,4317,4340,4365,4394,4426,4461,4499,4539,4583,4629,4679,4731
6272,4326,4349,4375,4403,4435,4470,4507,4548,4591,4637,4686,4738
6336,4336,4358,4384,4412,4444,4478,4516,4556,4599,4645,4694,4746
6400,4345,4368,4393,4421,4453,4487,4524,4564,4607,4653,4702,4753
6464,4355,4377,4402,4430,4461,4495,4532,4572,4615,4660,4709,4760
6528,4364,4386,4411,4439,4470,4504,4541,4580,4623,4668,4716,4768
6592,4373,4395,4420,4448,4479,4512,4549,4588,4631,4676,4724,4775
6656,4382,4404,4429,4457,4487,4521,4557,4596,4638,4683,4731,4782
6720,4391,4413,4438,4465,4496,4529,4565,4604,4646,4691,4739,4789
6784,4400,4422,4446,4474,4504,4537,4573,4612,4654,4698,4746,4796
6848,4409,4431,4455,4482,4512,4545,4581,4620,4661,4706,4753,4803
6912,4418,4439,4464,4491,4521,4553,4589,4628,4669,4713,4760,4811
6976,4427,4448,4472,4499,4529,4562,4597,4635,4677,4721,4768,4818
7040,4436,4457,4481,4507,4537,4570,4605,4643,4684,4728,4775,4825
7104,4444,4465,4489,4516,4545,4577,4613,4651,4692,4735,4782,4832
7168,4453,4474,4497,4524,4553,4585,4620,4658,4699,4743,4789,4838
7232,4461,4482,4506,4532,4561,4593,4628,4666,4707,4750,4796,4845
7296,4470,4490,4514,4540,4569,4601,4636,4673,4714,4757,4803,4852
7360,4478,4498,4522,4548,4577,4609,4643,4681,4721,4764,4810,4859
7424,4486,4507,4530,4556,4585,4616,4651,4688,4729,4772,4817,4866
7488,4494,4515,4538,4564,4593,4624,4659,4696,4736,4779,4824,4873
7552,4502,4523,4546,4572,4600,4632,4666,4703,4743,4786,4831,4880
7616,4510,4531,4554,4579,4608,4639,4673,4710,4750,4793,4838,4886
7680,4518,4538,4561,4587,4616,4647,4681,4718,4757,4800,4845,4893
7744,4526,4546,4569,4595,4623,4654,4688,4725,4765,4807,4852,4900
7808,4534,4554,4577,4602,4631,4662,4696,4732,4772,4814,4859,4907
7872,4542,4562,4584,4610,4638,4669,4703,4739,4779,4821,4866,4913
7936,4549,4569,4592,4617,4645,4676,4710,4747,4786,4828,4873,4920
8000,4557,4577,4599,4625,4653,4684,4717,4754,4793,4835,4879,4927
8064,4564,4584,4607,4632,4660,4691,4724,4761,4800,4842,4886,4934
8128,4572,4591,4614,4639,4667,4698,4732,4768,4807,4849,4893,4940
8192,4579,4599,4621,4647,4675,4705,4739,4775,4814,4855,4900,4947
8256,4586,4606,4628,4654,4682,4712,4746,4782,4821,4862,4907,4954
8320,4593,4613,4636,4661,4689,4719,4753,4789,4828,4869,4913,4960
8384,4600,4620,4643,4668,4696,4727,4760,4796,4835,4876,4920,4967
8448,4607,4627,4650,4675,4703,4734,4767,4803,4841,4883,4927,4974
8512,4614,4634,4657,4682,4710,4741,4774,4810,4848,4890,4934,4980
8576,4621,4641,4664,4689,4717,4748,4781,4817,4855,4896,4940,4987
8640,4628,4648,4671,4696,4724,4754,4788,4824,4862,4903,4947,4993
8704,4635,4655,4677,4703,4731,4761,4795,4830,4869,4910,4954,5000
8768,4641,4662,4684,4710,4738,4768,4801,4837,4876,4917,4960,5007
8832,4648,4668,4691,4716,4744,4775,4808,4844,4882,4924,4967,5013
8896,4655,4675,4698,4723,4751,4782,4815,4851,4889,4930,4974,5020
8960,4661,4681,4704,4730,4758,4789,4822,4858,4896,4937,4981,5027
9024,4668,4688,4711,4737,4765,4795,4829,4864,4903,4944,4987,5033
9088,4674,4695,4718,4743,4771,4802,4835,4871,4910,4950,4994,5040
9152,4680,4701,4724,4750,4778,4809,4842,4878,4916,4957,5001,5046
9216,4687,4707,4731,4757,4785,4816,4849,4885,4923,4964,5007,5053
9280,4693,4714,4737,4763,4791,4822,4856,4892,4930,4971,5014,5060
9344,4699,4720,4744,4770,4798,4829,4862,4898,4937,4977,5020,5066
9408,4705,4726,4750,4776,4805,4836,4869,4905,4943,4984,5027,5073
9472,4711,4733,4756,4783,4811,4842,4876,4912,4950,4991,5034,5079
9536,4717,4739,4763,4789,4818,4849,4882,4918,4957,4997,5040,5086
9600,4723,4745,4769,4796,4824,4856,4889,4925,4963,5004,5047,5092
9664,4729,4751,4775,4802,4831,4862,4896,4932,4970,5011,5053,5099
9728,4735,4757,4782,4808,4837,4869,4902,4938,4977,5017,5060,5105
9792,4741,4763,4788,4815,4844,4875,4909,4945,4983,5024,5067,5112
9856,4747,4769,4794,4821,4850,4882,4916,4952,4990,5030,5073,5118
9920,4752,4775,4800,4827,4857,4888,4922,4958,4996,5036,5079,5124
9984,4758,4781,4806,4833,4863,4894,4928,4964,5002,5042,5085,5129
10048,4764,4787,4812,4839,4869,4900,4934,4970,5008,5048,5090,5135
10112,4769,4792,4817,4845,4874,4906,4940,4975,5013,5053,5096,5140
10176,4775,4798,4823,4850,4880,4911,4945,4981,5019,5059,5101,5145
10240,4780,4803,4829,4856,4885,4917,4950,4986,5024,5064,5106,5150
10304,4786,4809,4834,4861,4891,4922,4956,4991,5029,5069,5110,5154
10368,4791,4814,4839,4867,4896,4927,4961,4996,5034,5073,5115,5158
10432,4796,4819,4845,4872,4901,4932,4966,5001,5038,5078,5119,5163
10496,4802,4825,4850,4877,4906,4937,4971,5006,5043,5082,5124,5167
10560,4807,4830,4855,4882,4911,4942,4976,5011,5048,5087,5128,5171
10624,4813,4836,4861,4888,4917,4948,4981,5016,5053,5092,5133,5176
10688,4818,4841,4866,4893,4922,4953,4986,5020,5057,5096,5137,5180
10752,4823,4846,4871,4898,4927,4958,4991,5025,5062,5101,5141,5184
10816,4829,4852,4877,4903,4932,4963,4996,5030,5067,5105,5146,5188
10880,4834,4857,4882,4909,4937,4968,5001,5035,5072,5110,5150,5193
10944,4840,4862,4887,4914,4942,4973,5006,5040,5076,5115,5155,5197
11008,4845,4868,4892,4919,4948,4978,5011,5045,5081,5119,5159,5201
11072,4850,4873,4898,4924,4953,4983,5015,5050,5086,5124,5164,5205
11136,4856,4878,4903,4930,4958,4988,5020,5055,5090,5128,5168,5210
11200,4861,4884,4908,4935,4963,4993,5025,5059,5095,5133,5172,5214
11264,4867,4889,4914,4940,4968,4998,5030,5064,5100,5138,5177,5218
11328,4872,4895,4919,4945,4974,5004,5035,5069,5105,5142,5181,5222
11392,4877,4900,4924,4951,4979,5009,5040,5074,5109,5147,5186,5227
11456,4883,4905,4930,4956,4984,5014,5045,5079,5114,5151,5190,5231
11520,4888,4911,4935,4961,4989,5019,5050,5084,5119,5156,5195,5235
11584,4894,4916,4940,4966,4994,5024,5055,5089,5124,5161,5199,5240
11648,4899,4921,4946,4972,4999,5029,5060,5094,5128,5165,5204,5244
11712,4904,4927,4951,4977,5005,5034,5065,5098,5133,5170,5208,5248
11776,4910,4932,4956,4982,5010,5039,5070,5103,5138,5174,5212,5252
11840,4915,4938,4962,4987,5015,5044,5075,5108,5143,5179,5217,5257
11904,4921,4943,4967,4993,5020,5049,5080,5113,5147,5183,5221,5261
11968,4926,4948,4972,4998,5025,5054,5085,5118,5152,5188,5226,5265
12032,4931,4954,4978,5003,5031,5060,5090,5123,5157,5193,5230,5269
12096,4937,4959,4983,5008,5036,5065,5095,5128,5162,5197,5235,5274
12160,4942,4964,4988,5014,5041,5070,5100,5132,5166,5202,5239,5278
12224,4948,4970,4994,5019,5046,5075,5105,5137,5171,5206,5244,5282
12288,4953,4975,4999,5024,5051,5080,5110,5142,5176,5211,5248,5286
12352,4958,4980,5004,5029,5056,5085,5115,5147,5181,5216,5252,5291
12416,4964,4986,5009,5035,5062,5090,5120,5152,5185,5220,5257,5295
12480,4969,4991,5015,5040,5067,5095,5125,5157,5190,5225,5261,5299
12544,4975,4997,5020,5045,5072,5100,5130,5162,5195,5229,5266,5304
12608,4980,5002,5025,5051,5077,5105,5135,5167,5200,5234,5270,5308
12672,4985,5007,5031,5056,5082,5110,5140,5171,5204,5239,5275,5312
12736,4991,5013,5036,5061,5088,5116,5145,5176,5209,5243,5279,5316
12800,4996,5018,5041,5066,5093,5121,5150,5181,5214,5248,5283,5321
12864,5002,5023,5047,5072,5098,5126,5155,5186,5218,5252,5288,5325
12928,5007,5029,5052,5077,5103,5131,5160,5191,5223,5257,5292,5329
12992,5012,5034,5057,5082,5108,5136,5165,5196,5228,5262,5297,5333
13056,5018,5040,5063,5087,5113,5141,5170,5201,5233,5266,5301,5338
13120,5023,5045,5068,5093,5119,5146,5175,5206,5237,5271,5306,5342
13184,5029,5050,5073,5098,5124,5151,5180,5210,5242,5275,5310,5346
13248,5034,5056,5079,5103,5129,5156,5185,5215,5247,5280,5315,5351
13312,5039,5061,5084,5108,5134,5161,5190,5220,5252,5285,5319,5355
13376,5045,5066,5089,5114,5139,5166,5195,5225,5256,5289,5323,5359
13440,5050,5072,5095,5119,5144,5172,5200,5230,5261,5294,5328,5363
13504,5056,5077,5100,5124,5150,5177,5205,5235,5266,5298,5332,5368
13568,5061,5082,5105,5129,5155,5182,5210,5240,5271,5303,5337,5372
13632,5066,5088,5111,5135,5160,5187,5215,5244,5275,5308,5341,5376
13696,5072,5093,5116,5140,5165,5192,5220,5249,5280,5312,5346,5380
13760,5077,5099,5121,5145,5170,5197,5225,5254,5285,5317,5350,5385
13824,5083,5104,5126,5150,5176,5202,5230,5259,5290,5321,5355,5389
13888,5088,5109,5132,5156,5181,5207,5235,5264,5294,5326,5359,5393
13952,5093,5115,5137,5161,5186,5212,5240,5269,5299,5331,5363,5397
14016,5099,5120,5142,5166,5191,5217,5245,5274,5304,5335,5368,5402
14080,5104,5125,5148,5171,5196,5222,5250,5279,5309,5340,5372,5406
14144,5110,5131,5153,5177,5201,5228,5255,5283,5313,5344,5377,5410
14208,5115,5136,5158,5182,5207,5233,5260,5288,5318,5349,5381,5415
14272,5120,5141,5164,5187,5212,5238,5265,5293,5323,5354,5386,5419
14336,5126,5147,5169,5192,5217,5243,5270,5298,5328,5358,5390,5423
14400,5131,5152,5174,5198,5222,5248,5275,5303,5332,5363,5394,5427
14464,5137,5158,5180,5203,5227,5253,5280,5308,5337,5367,5399,5432
14528,5142,5163,5185,5208,5233,5258,5285,5313,5342,5372,5403,5436
14592,5147,5168,5190,5213,5238,5263,5290,5318,5346,5377,5408,5440
14656,5153,5174,5196,5219,5243,5268,5295,5322,5351,5381,5412,5444
14720,5158,5179,5201,5224,5248,5273,5300,5327,5356,5386,5417,5449
14784,5164,5184,5206,5229,5253,5278,5305,5332,5361,5390,5421,5453
14848,5169,5190,5212,5234,5258,5284,5310,5337,5365,5395,5426,5457
14912,5175,5195,5217,5240,5264,5289,5315,5342,5370,5400,5430,5461
14976,5180,5201,5222,5245,5269,5294,5320,5347,5375,5404,5434,5466
15040,5185,5206,5228,5250,5274,5299,5325,5352,5380,5409,5439,5470
15104,5191,5211,5233,5255,5279,5304,5330,5357,5384,5413,5443,5474
15168,5196,5217,5238,5261,5284,5309,5335,5361,5389,5418,5448,5479
15232,5202,5222,5243,5266,5290,5314,5340,5366,5394,5423,5452,5483
15296,5207,5227,5249,5271,5295,5319,5345,5371,5399,5427,5457,5487
15360,5212,5233,5254,5277,5300,5324,5350,5376,5403,5432,5461,5491
15424,5218,5238,5259,5282,5305,5329,5355,5381,5408,5436,5465,5496
15488,5223,5243,5265,5287,5310,5334,5360,5386,5413,5441,5470,5500
15552,5229,5249,5270,5292,5315,5340,5365,5391,5418,5445,5474,5504
15616,5234,5254,5275,5298,5321,5345,5370,5395,5422,5450,5479,5508
15680,5239,5260,5281,5303,5326,5350,5375,5400,5427,5455,5483,5513
15744,5245,5265,5286,5308,5331,5355,5380,5405,5432,5459,5488,5517
15808,5250,5270,5291,5313,5336,5360,5385,5410,5437,5464,5492,5521
15872,5256,5276,5297,5319,5341,5365,5390,5415,5441,5468,5497,5526
15936,5261,5281,5302,5324,5347,5370,5395,5420,5446,5473,5501,5530
16000,5266,5286,5307,5329,5352,5375,5400,5425,5451,5478,5505,5534
16064,5272,5292,5313,5334,5357,5380,5404,5430,5455,5482,5510,5538
16128,5277,5297,5318,5340,5362,5385,5409,5434,5460,5487,5514,5543
16192,5283,5303,5323,5345,5367,5390,5414,5439,5465,5491,5519,5547
16256,5288,5308,5329,5350,5372,5396,5419,5444,5470,5496,5523,5551
16320,5293,5313,5334,5355,5378,5401,5424,5449,5474,5501,5528,5555
16384,5299,5319,5339,5361,5383,5406,5429,5454,5479,5505,5532,5560
16448,5304,5324,5345,5366,5388,5411,5434,5459,5484,5510,5537,5564
16512,5310,5329,5350,5371,5393,5416,5439,5464,5489,5514,5541,5568
16576,5315,5335,5355,5376,5398,5421,5444,5469,5493,5519,5545,5572
16640,5320,5340,5360,5382,5403,5426,5449,5473,5498,5524,5550,5577
16704,5326,5345,5366,5387,5409,5431,5454,5478,5503,5528,5554,5581
16768,5331,5351,5371,5392,5414,5436,5459,5483,5508,5533,5559,5585
16832,5337,5356,5376,5397,5419,5441,5464,5488,5512,5537,5563,5590
16896,5342,5362,5382,5403,5424,5446,5469,5493,5517,5542,5568,5594
16960,5347,5367,5387,5408,5429,5452,5474,5498,5522,5547,5572,5598
17024,5353,5372,5392,5413,5435,5457,5479,5503,5527,5551,5576,5602
17088,5358,5378,5398,5418,5440,5462,5484,5507,5531,5556,5581,5607
17152,5364,5383,5403,5424,5445,5467,5489,5512,5536,5560,5585,5611
17216,5369,5388,5408,5429,5450,5472,5494,5517,5541,5565,5590,5615
17280,5374,5394,5414,5434,5455,5477,5499,5522,5546,5570,5594,5619
17344,5380,5399,5419,5439,5460,5482,5504,5527,5550,5574,5599,5624
17408,5385,5404,5424,5445,5466,5487,5509,5532,5555,5579,5603,5628
17472,5391,5410,5430,5450,5471,5492,5514,5537,5560,5583,5608,5632
17536,5396,5415,5435,5455,5476,5497,5519,5542,5565,5588,5612,5636
17600,5401,5421,5440,5460,5481,5502,5524,5546,5569,5593,5616,5641
17664,5407,5426,5446,5466,5486,5508,5529,5551,5574,5597,5621,5645
17728,5412,5431,5451,5471,5492,5513,5534,5556,5579,5602,5625,5649
17792,5418,5437,5456,5476,5497,5518,5539,5561,5583,5606,5630,5654
17856,5423,5442,5462,5481,5502,5523,5544,5566,5588,5611,5634,5658
17920,5428,5447,5467,5487,5507,5528,5549,5571,5593,5616,5639,5662
17984,5434,5453,5472,5492,5512,5533,5554,5576,5598,5620,5643,5666
18048,5439,5458,5477,5497,5517,5538,5559,5581,5602,5625,5647,5671
18112,5445,5464,5483,5503,5523,5543,5564,5585,5607,5629,5652,5675
18176,5450,5469,5488,5508,5528,5548,5569,5590,5612,5634,5656,5679
18240,5455,5474,5493,5513,5533,5553,5574,5595,5617,5639,5661,5683
18304,5461,5480,5499,5518,5538,5558,5579,5600,5621,5643,5665,5688
18368,5466,5485,5504,5524,5543,5564,5584,5605,5626,5648,5670,5692
18432,5472,5490,5509,5529,5549,5569,5589,5610,5631,5652,5674,5696
18496,5477,5496,5515,5534,5554,5574,5594,5615,5636,5657,5679,5701
18560,5482,5501,5520,5539,5559,5579,5599,5620,5640,5662,5683,5705
18624,5488,5506,5525,5545,5564,5584,5604,5624,5645,5666,5687,5709
18688,5493,5512,5531,5550,5569,5589,5609,5629,5650,5671,5692,5713
18752,5499,5517,5536,5555,5574,5594,5614,5634,5655,5675,5696,5718
18816,5504,5523,5541,5560,5580,5599,5619,5639,5659,5680,5701,5722
18880,5509,5528,5547,5566,5585,5604,5624,5644,5664,5685,5705,5726
18944,5515,5533,5552,5571,5590,5609,5629,5649,5669,5689,5710,5730
19008,5520,5539,5557,5576,5595,5614,5634,5654,5674,5694,5714,5735
19072,5526,5544,5563,5581,5600,5619,5639,5658,5678,5698,5719,5739
19136,5531,5549,5568,5587,5605,5625,5644,5663,5683,5703,5723,5743
19200,5536,5555,5573,5592,5611,5630,5649,5668,5688,5707,5727,5747
19264,5542,5560,5579,5597,5616,5635,5654,5673,5693,5712,5732,5752
19328,5547,5565,5584,5602,5621,5640,5659,5678,5697,5717,5736,5756
19392,5553,5571,5589,5608,5626,5645,5664,5683,5702,5721,5741,5760
19456,5558,5576,5594,5613,5631,5650,5669,5688,5707,5726,5745,5765
19520,5563,5582,5600,5618,5637,5655,5674,5693,5711,5730,5750,5769
19584,5569,5587,5605,5623,5642,5660,5679,5697,5716,5735,5754,5773
19648,5574,5592,5610,5629,5647,5665,5684,5702,5721,5740,5758,5777
19712,5580,5598,5616,5634,5652,5670,5689,5707,5726,5744,5763,5782
19776,5585,5603,5621,5639,5657,5675,5694,5712,5730,5749,5767,5786
19840,5590,5608,5626,5644,5662,5680,5698,5717,5735,5753,5772,5790
19904,5595,5613,5631,5649,5667,5685,5703,5721,5739,5757,5776,5794
19968,5600,5617,5635,5653,5671,5689,5707,5725,5743,5761,5780,5798
20032,5604,5622,5640,5657,5675,5693,5711,5729,5747,5765,5783,5801
20096,5608,5626,5643,5661,5679,5697,5715,5733,5751,5769,5787,5805
20160,5612,5629,5647,5665,5683,5701,5718,5736,5754,5772,5790,5808
20224,5615,5633,5650,5668,5686,5704,5722,5740,5757,5775,5793,5812
20288,5618,5636,5654,5671,5689,5707,5725,5743,5760,5778,5796,5815
20352,5621,5639,5656,5674,5692,5710,5727,5745,5763,5781,5799,5817
20416,5624,5642,5659,5677,5694,5712,5730,5748,5766,5784,5802,5820
20480,5627,5644,5662,5680,5697,5715,5733,5751,5769,5787,5805,5823
20544,5630,5647,5665,5682,5700,5718,5736,5754,5772,5790,5808,5826
20608,5633,5650,5667,5685,5703,5720,5738,5756,5774,5792,5811,5829
20672,5636,5653,5670,5688,5705,5723,5741,5759,5777,5795,5814,5832
20736,5638,5656,5673,5691,5708,5726,5744,5762,5780,5798,5816,5835
20800,5641,5658,5676,5693,5711,5729,5747,5765,5783,5801,5819,5838
20864,5644,5661,5679,5696,5714,5731,5749,5767,5785,5804,5822,5841
20928,5647,5664,5681,5699,5716,5734,5752,5770,5788,5807,5825,5844
20992,5650,5667,5684,5702,5719,5737,5755,5773,5791,5809,5828,5846
21056,5653,5670,5687,5704,5722,5740,5757,5776,5794,5812,5831,5849
21120,5656,5673,5690,5707,5725,5742,5760,5778,5797,5815,5834,5852
21184,5659,5675,5693,5710,5727,5745,5763,5781,5799,5818,5836,5855
21248,5661,5678,5695,5713,5730,5748,5766,5784,5802,5821,5839,5858
21312,5664,5681,5698,5715,5733,5751,5768,5787,5805,5823,5842,5861
21376,5667,5684,5701,5718,5736,5753,5771,5789,5808,5826,5845,5864
21440,5670,5687,5704,5721,5738,5756,5774,5792,5810,5829,5848,5867
21504,5673,5690,5707,5724,5741,5759,5777,5795,5813,5832,5851,5870
21568,5676,5692,5709,5726,5744,5761,5779,5798,5816,5835,5853,5873
21632,5679,5695,5712,5729,5747,5764,5782,5800,5819,5837,5856,5876
21696,5682,5698,5715,5732,5749,5767,5785,5803,5821,5840,5859,5878
21760,5684,5701,5718,5735,5752,5770,5788,5806,5824,5843,5862,5881
21824,5687,5704,5720,5738,5755,5772,5790,5809,5827,5846,5865,5884
21888,5690,5707,5723,5740,5758,5775,5793,5811,5830,5849,5868,5887
21952,5693,5709,5726,5743,5760,5778,5796,5814,5833,5851,5871,5890
22016,5696,5712,5729,5746,5763,5781,5799,5817,5835,5854,5873,5893
22080,5699,5715,5732,5749,5766,5783,5801,5820,5838,5857,5876,5896
22144,5702,5718,5734,5751,5769,5786,5804,5822,5841,5860,5879,5899
22208,5705,5721,5737,5754,5771,5789,5807,5825,5844,5863,5882,5902
22272,5707,5724,5740,5757,5774,5792,5809,5828,5846,5865,5885,5905
22336,5710,5726,5743,5760,5777,5794,5812,5831,5849,5868,5888,5907
22400,5713,5729,5746,5762,5780,5797,5815,5833,5852,5871,5890,5910
22464,5716,5732,5748,5765,5782,5800,5818,5836,5855,5874,5893,5913
22528,5719,5735,5751,5768,5785,5803,5820,5839,5857,5877,5896,5916
22592,5722,5738,5754,5771,5788,5805,5823,5842,5860,5879,5899,5919
22656,5725,5741,5757,5773,5790,5808,5826,5844,5863,5882,5902,5922
22720,5728,5743,5760,5776,5793,5811,5829,5847,5866,5885,5905,5925
22784,5730,5746,5762,5779,5796,5813,5831,5850,5869,5888,5908,5928
22848,5733,5749,5765,5782,5799,5816,5834,5853,5871,5891,5910,5931
22912,5736,5752,5768,5784,5801,5819,5837,5855,5874,5893,5913,5934
22976,5739,5755,5771,5787,5804,5822,5840,5858,5877,5896,5916,5936
23040,5742,5758,5773,5790,5807,5824,5842,5861,5880,5899,5919,5939
23104,5745,5760,5776,5793,5810,5827,5845,5864,5882,5902,5922,5942
23168,5748,5763,5779,5796,5812,5830,5848,5866,5885,5905,5925,5945
23232,5751,5766,5782,5798,5815,5833,5851,5869,5888,5907,5928,5948
23296,5754,5769,5785,5801,5818,5835,5853,5872,5891,5910,5930,5951
23360,5756,5772,5787,5804,5821,5838,5856,5875,5894,5913,5933,5954
23424,5759,5774,5790,5807,5823,5841,5859,5877,5896,5916,5936,5957
23488,5762,5777,5793,5809,5826,5844,5861,5880,5899,5919,5939,5960
23552,5765,5780,5796,5812,5829,5846,5864,5883,5902,5922,5942,5963
23616,5768,5783,5799,5815,5832,5849,5867,5886,5905,5924,5945,5965
23680,5771,5786,5801,5818,5834,5852,5870,5888,5907,5927,5947,5968
23744,5774,5789,5804,5820,5837,5854,5872,5891,5910,5930,5950,5971
23808,5777,5791,5807,5823,5840,5857,5875,5894,5913,5933,5953,5974
23872,5779,5794,5810,5826,5843,5860,5878,5897,5916,5936,5956,5977
23936,5782,5797,5813,5829,5845,5863,5881,5899,5918,5938,5959,5980
24000,5785,5800,5815,5831,5848,5865,5883,5902,5921,5941,5962,5983
24064,5788,5803,5818,5834,5851,5868,5886,5905,5924,5944,5965,5986
24128,5791,5806,5821,5837,5854,5871,5889,5908,5927,5947,5967,5989
24192,5794,5808,5824,5840,5856,5874,5892,5910,5930,5950,5970,5992
24256,5797,5811,5827,5842,5859,5876,5894,5913,5932,5952,5973,5994
24320,5800,5814,5829,5845,5862,5879,5897,5916,5935,5955,5976,5997
24384,5802,5817,5832,5848,5865,5882,5900,5918,5938,5958,5979,6000
24448,5805,5820,5835,5851,5867,5885,5903,5921,5941,5961,5982,6003
24512,5808,5823,5838,5853,5870,5887,5905,5924,5943,5964,5984,6006
24576,5811,5825,5840,5856,5873,5890,5908,5927,5946,5966,5987,6009
24640,5814,5828,5843,5859,5876,5893,5911,5929,5949,5969,5990,6012
24704,5817,5831,5846,5862,5878,5896,5913,5932,5952,5972,5993,6015
24768,5820,5834,5849,5865,5881,5898,5916,5935,5955,5975,5996,6018
24832,5823,5837,5852,5867,5884,5901,5919,5938,5957,5978,5999,6021
24896,5825,5840,5854,5870,5886,5904,5922,5940,5960,5980,6002,6023
24960,5828,5842,5857,5873,5889,5906,5924,5943,5963,5983,6004,6026
25024,5831,5845,5860,5876,5892,5909,5927,5946,5966,5986,6007,6029
25088,5834,5848,5863,5878,5895,5912,5930,5949,5968,5989,6010,6032
25152,5837,5851,5866,5881,5897,5915,5933,5951,5971,5992,6013,6035
25216,5840,5854,5868,5884,5900,5917,5935,5954,5974,5994,6016,6038
25280,5843,5857,5871,5887,5903,5920,5938,5957,5977,5997,6019,6041
25344,5846,5859,5874,5889,5906,5923,5941,5960,5979,6000,6021,6044
25408,5849,5862,5877,5892,5908,5926,5944,5962,5982,6003,6024,6047
25472,5851,5865,5880,5895,5911,5928,5946,5965,5985,6006,6027,6050
25536,5854,5868,5882,5898,5914,5931,5949,5968,5988,6008,6030,6052
25600,5857,5871,5885,5900,5917,5934,5952,5971,5991,6011,6033,6055
25664,5860,5874,5888,5903,5919,5937,5955,5973,5993,6014,6036,6058
25728,5863,5876,5891,5906,5922,5939,5957,5976,5996,6017,6039,6061
25792,5866,5879,5893,5909,5925,5942,5960,5979,5999,6020,6041,6064
25856,5869,5882,5896,5911,5928,5945,5963,5982,6002,6022,6044,6067
25920,5872,5885,5899,5914,5930,5947,5966,5984,6004,6025,6047,6070
25984,5874,5888,5902,5917,5933,5950,5968,5987,6007,6028,6050,6073
26048,5877,5890,5905,5920,5936,5953,5971,5990,6010,6031,6053,6076
26112,5880,5893,5907,5923,5939,5956,5974,5993,6013,6034,6056,6079
26176,5883,5896,5910,5925,5941,5958,5976,5995,6016,6037,6059,6082
26240,5886,5899,5913,5928,5944,5961,5979,5998,6018,6039,6061,6084
26304,5889,5902,5916,5931,5947,5964,5982,6001,6021,6042,6064,6087
26368,5892,5905,5919,5934,5950,5967,5985,6004,6024,6045,6067,6090
26432,5895,5907,5921,5936,5952,5969,5987,6006,6027,6048,6070,6093
26496,5897,5910,5924,5939,5955,5972,5990,6009,6029,6051,6073,6096
26560,5900,5913,5927,5942,5958,5975,5993,6012,6032,6053,6076,6099
26624,5903,5916,5930,5945,5961,5978,5996,6015,6035,6056,6078,6102
26688,5906,5919,5933,5947,5963,5980,5998,6017,6038,6059,6081,6105
26752,5909,5922,5935,5950,5966,5983,6001,6020,6040,6062,6084,6108
26816,5912,5924,5938,5953,5969,5986,6004,6023,6043,6065,6087,6111
26880,5915,5927,5941,5956,5972,5988,6007,6026,6046,6067,6090,6113
26944,5918,5930,5944,5958,5974,5991,6009,6028,6049,6070,6093,6116
27008,5920,5933,5946,5961,5977,5994,6012,6031,6052,6073,6096,6119
27072,5923,5936,5949,5964,5980,5997,6015,6034,6054,6076,6098,6122
27136,5926,5939,5952,5967,5983,5999,6018,6037,6057,6079,6101,6125
27200,5929,5941,5955,5969,5985,6002,6020,6039,6060,6081,6104,6128
27264,5932,5944,5958,5972,5988,6005,6023,6042,6063,6084,6107,6131
27328,5935,5947,5960,5975,5991,6008,6026,6045,6065,6087,6110,6134
27392,5938,5950,5963,5978,5993,6010,6028,6048,6068,6090,6113,6137
27456,5941,5953,5966,5981,5996,6013,6031,6050,6071,6093,6115,6140
27520,5943,5956,5969,5983,5999,6016,6034,6053,6074,6095,6118,6142
27584,5946,5958,5972,5986,6002,6019,6037,6056,6076,6098,6121,6145
27648,5949,5961,5974,5989,6004,6021,6039,6059,6079,6101,6124,6148
27712,5952,5964,5977,5992,6007,6024,6042,6061,6082,6104,6127,6151
27776,5955,5967,5980,5994,6010,6027,6045,6064,6085,6107,6130,6154
27840,5958,5970,5983,5997,6013,6030,6048,6067,6088,6109,6133,6157
27904,5961,5973,5986,6000,6015,6032,6050,6070,6090,6112,6135,6160
27968,5964,5975,5988,6003,6018,6035,6053,6072,6093,6115,6138,6163
28032,5967,5978,5991,6005,6021,6038,6056,6075,6096,6118,6141,6166
28096,5969,5981,5994,6008,6024,6040,6059,6078,6099,6121,6144,6169
28160,5972,5984,5997,6011,6026,6043,6061,6081,6101,6123,6147,6171
28224,5975,5987,6000,6014,6029,6046,6064,6083,6104,6126,6150,6174
28288,5978,5990,6002,6016,6032,6049,6067,6086,6107,6129,6153,6177
28352,5981,5992,6005,6019,6035,6051,6070,6089,6110,6132,6155,6180
28416,5984,5995,6008,6022,6037,6054,6072,6092,6113,6135,6158,6183
28480,5987,5998,6011,6025,6040,6057,6075,6094,6115,6137,6161,6186
28544,5990,6001,6013,6027,6043,6060,6078,6097,6118,6140,6164,6189
28608,5992,6004,6016,6030,6046,6062,6080,6100,6121,6143,6167,6192
28672,5995,6006,6019,6033,6048,6065,6083,6103,6124,6146,6170,6195
28736,5998,6009,6022,6036,6051,6068,6086,6105,6126,6149,6172,6198
28800,6001,6012,6025,6039,6054,6071,6089,6108,6129,6152,6175,6200
28864,6004,6015,6027,6041,6057,6073,6091,6111,6132,6154,6178,6203
28928,6007,6018,6030,6044,6059,6076,6094,6114,6135,6157,6181,6206
28992,6010,6021,6033,6047,6062,6079,6097,6116,6137,6160,6184,6209
29056,6013,6023,6036,6050,6065,6081,6100,6119,6140,6163,6187,6212
29120,6015,6026,6039,6052,6068,6084,6102,6122,6143,6166,6190,6215
29184,6018,6029,6041,6055,6070,6087,6105,6125,6146,6168,6192,6218
29248,6021,6032,6044,6058,6073,6090,6108,6127,6149,6171,6195,6221
29312,6024,6035,6047,6061,6076,6092,6111,6130,6151,6174,6198,6224
29376,6027,6038,6050,6063,6079,6095,6113,6133,6154,6177,6201,6227
29440,6030,6040,6053,6066,6081,6098,6116,6136,6157,6180,6204,6229
29504,6033,6043,6055,6069,6084,6101,6119,6138,6160,6182,6207,6232
29568,6036,6046,6058,6072,6087,6103,6122,6141,6162,6185,6209,6235
29632,6038,6049,6061,6074,6089,6106,6124,6144,6165,6188,6212,6238
29696,6041,6052,6064,6077,6092,6109,6127,6147,6168,6191,6215,6241
29760,6044,6055,6066,6080,6095,6112,6130,6149,6171,6194,6218,6244
29824,6047,6057,6069,6083,6098,6114,6132,6152,6174,6196,6221,6247
29888,6050,6060,6072,6085,6100,6117,6135,6155,6176,6199,6224,6250
29952,6053,6063,6075,6088,6103,6120,6138,6158,6179,6202,6227,6253
30016,6056,6066,6078,6091,6106,6123,6141,6160,6182,6205,6229,6256
30080,6059,6069,6080,6094,6109,6125,6143,6163,6185,6208,6232,6258
30144,6062,6072,6083,6097,6111,6128,6146,6166,6187,6210,6235,6261
30208,6064,6074,6086,6099,6114,6131,6149,6169,6190,6213,6238,6264
30272,6067,6077,6089,6102,6117,6133,6152,6171,6193,6216,6241,6267
30336,6070,6080,6092,6105,6120,6136,6154,6174,6196,6219,6244,6270
30400,6073,6083,6094,6108,6122,6139,6157,6177,6198,6222,6246,6273
30464,6076,6086,6097,6110,6125,6142,6160,6180,6201,6224,6249,6276
30528,6079,6089,6100,6113,6128,6144,6163,6182,6204,6227,6252,6279
30592,6082,6091,6103,6116,6131,6147,6165,6185,6207,6230,6255,6282
30656,6085,6094,6106,6119,6133,6150,6168,6188,6210,6233,6258,6285
30720,6087,6097,6108,6121,6136,6153,6171,6191,6212,6236,6261,6288
30784,6090,6100,6111,6124,6139,6155,6174,6193,6215,6238,6264,6290
30848,6093,6103,6114,6127,6142,6158,6176,6196,6218,6241,6266,6293
30912,6096,6105,6117,6130,6144,6161,6179,6199,6221,6244,6269,6296
30976,6099,6108,6119,6132,6147,6164,6182,6202,6223,6247,6272,6299
31040,6102,6111,6122,6135,6150,6166,6184,6204,6226,6250,6275,6302
31104,6105,6114,6125,6138,6153,6169,6187,6207,6229,6252,6278,6305
31168,6108,6117,6128,6141,6155,6172,6190,6210,6232,6255,6281,6308
31232,6110,6120,6131,6143,6158,6174,6193,6213,6234,6258,6284,6311
31296,6113,6122,6133,6146,6161,6177,6195,6215,6237,6261,6286,6314
31360,6116,6125,6136,6149,6164,6180,6198,6218,6240,6264,6289,6317
31424,6119,6128,6139,6152,6166,6183,6201,6221,6243,6267,6292,6319
31488,6122,6131,6142,6155,6169,6185,6204,6224,6246,6269,6295,6322
31552,6125,6134,6145,6157,6172,6188,6206,6226,6248,6272,6298,6325
31616,6128,6137,6147,6160,6175,6191,6209,6229,6251,6275,6301,6328
31680,6131,6139,6150,6163,6177,6194,6212,6232,6254,6278,6303,6331
31744,6133,6142,6153,6166,6180,6196,6215,6235,6257,6281,6306,6334
31808,6136,6145,6156,6168,6183,6199,6217,6237,6259,6283,6309,6337
31872,6139,6148,6159,6171,6185,6202,6220,6240,6262,6286,6312,6340
31936,6142,6151,6161,6174,6188,6205,6223,6243,6265,6289,6315,6343
32000,6145,6154,6164,6177,6191,6207,6226,6246,6268,6292,6318,6346
32064,6148,6156,6167,6179,6194,6210,6228,6248,6271,6295,6321,6348
32128,6151,6159,6170,6182,6196,6213,6231,6251,6273,6297,6323,6351
32192,6154,6162,6173,6185,6199,6216,6234,6254,6276,6300,6326,6354
32256,6156,6165,6175,6188,6202,6218,6236,6257,6279,6303,6329,6357
32320,6159,6168,6178,6190,6205,6221,6239,6259,6282,6306,6332,6360
32384,6162,6171,6181,6193,6207,6224,6242,6262,6284,6309,6335,6363
32448,6165,6173,6184,6196,6210,6226,6245,6265,6287,6311,6338,6366
32512,6168,6176,6186,6199,6213,6229,6247,6268,6290,6314,6340,6369
32576,6171,6179,6189,6201,6216,6232,6250,6270,6293,6317,6343,6372
32640,6174,6182,6192,6204,6218,6235,6253,6273,6295,6320,6346,6375
32704,6177,6185,6195,6207,6221,6237,6256,6276,6298,6323,6349,6377
32768,6180,6188,6198,6210,6224,6240,6258,6279,6301,6325,6352,6380
32832,6182,6190,6200,6213,6227,6243,6261,6281,6304,6328,6355,6383
32896,6185,6193,6203,6215,6229,6246,6264,6284,6307,6331,6358,6386
32960,6188,6196,6206,6218,6232,6248,6267,6287,6309,6334,6360,6389
33024,6191,6199,6209,6221,6235,6251,6269,6290,6312,6337,6363,6392
33088,6194,6202,6212,6224,6238,6254,6272,6292,6315,6339,6366,6395
33152,6197,6205,6214,6226,6240,6257,6275,6295,6318,6342,6369,6398
33216,6200,6207,6217,6229,6243,6259,6278,6298,6320,6345,6372,6401
33280,6203,6210,6220,6232,6246,6262,6280,6301,6323,6348,6375,6404
33344,6205,6213,6223,6235,6249,6265,6283,6303,6326,6351,6378,6406
33408,6208,6216,6226,6237,6251,6267,6286,6306,6329,6353,6380,6409
33472,6211,6219,6228,6240,6254,6270,6288,6309,6332,6356,6383,6412
33536,6214,6221,6231,6243,6257,6273,6291,6312,6334,6359,6386,6415
33600,6217,6224,6234,6246,6260,6276,6294,6314,6337,6362,6389,6418
33664,6220,6227,6237,6248,6262,6278,6297,6317,6340,6365,6392,6421
33728,6223,6230,6239,6251,6265,6281,6299,6320,6343,6367,6395,6424
33792,6226,6233,6242,6254,6268,6284,6302,6323,6345,6370,6397,6427
33856,6228,6236,6245,6257,6271,6287,6305,6325,6348,6373,6400,6430
33920,6231,6238,6248,6259,6273,6289,6308,6328,6351,6376,6403,6433
33984,6234,6241,6251,6262,6276,6292,6310,6331,6354,6379,6406,6435
34048,6237,6244,6253,6265,6279,6295,6313,6334,6356,6382,6409,6438
34112,6240,6247,6256,6268,6282,6298,6316,6336,6359,6384,6412,6441
34176,6243,6250,6259,6270,6284,6300,6319,6339,6362,6387,6415,6444
34240,6246,6253,6262,6273,6287,6303,6321,6342,6365,6390,6417,6447
34304,6249,6255,6265,6276,6290,6306,6324,6345,6368,6393,6420,6450
34368,6251,6258,6267,6279,6292,6308,6327,6347,6370,6396,6423,6453
34432,6254,6261,6270,6282,6295,6311,6330,6350,6373,6398,6426,6456
34496,6257,6264,6273,6284,6298,6314,6332,6353,6376,6401,6429,6459
34560,6260,6267,6276,6287,6301,6317,6335,6356,6379,6404,6432,6462
34624,6263,6270,6279,6290,6303,6319,6338,6358,6381,6407,6434,6465
34688,6266,6272,6281,6293,6306,6322,6340,6361,6384,6410,6437,6467
34752,6269,6275,6284,6295,6309,6325,6343,6364,6387,6412,6440,6470
34816,6272,6278,6287,6298,6312,6328,6346,6367,6390,6415,6443,6473
34880,6275,6281,6290,6301,6314,6330,6349,6369,6393,6418,6446,6476
34944,6277,6284,6292,6304,6317,6333,6351,6372,6395,6421,6449,6479
35008,6280,6287,6295,6306,6320,6336,6354,6375,6398,6424,6452,6482
35072,6283,6289,6298,6309,6323,6339,6357,6378,6401,6426,6454,6485
35136,6286,6292,6301,6312,6325,6341,6360,6380,6404,6429,6457,6488
35200,6289,6295,6304,6315,6328,6344,6362,6383,6406,6432,6460,6491
35264,6292,6298,6306,6317,6331,6347,6365,6386,6409,6435,6463,6494
35328,6295,6301,6309,6320,6334,6350,6368,6389,6412,6438,6466,6496
35392,6298,6304,6312,6323,6336,6352,6371,6391,6415,6440,6469,6499
35456,6300,6306,6315,6326,6339,6355,6373,6394,6417,6443,6471,6502
35520,6303,6309,6318,6328,6342,6358,6376,6397,6420,6446,6474,6505
35584,6306,6312,6320,6331,6345,6360,6379,6400,6423,6449,6477,6508
35648,6309,6315,6323,6334,6347,6363,6382,6402,6426,6452,6480,6511
35712,6312,6318,6326,6337,6350,6366,6384,6405,6429,6454,6483,6514
35776,6315,6321,6329,6340,6353,6369,6387,6408,6431,6457,6486,6517
35840,6318,6323,6332,6342,6356,6371,6390,6411,6434,6460,6489,6520
35904,6321,6326,6334,6345,6358,6374,6392,6413,6437,6463,6491,6523
35968,6323,6329,6337,6348,6361,6377,6395,6416,6440,6466,6494,6525
36032,6326,6332,6340,6351,6364,6380,6398,6419,6442,6468,6497,6528
36096,6329,6335,6343,6353,6367,6382,6401,6422,6445,6471,6500,6531
36160,6332,6337,6346,6356,6369,6385,6403,6424,6448,6474,6503,6534
36224,6335,6340,6348,6359,6372,6388,6406,6427,6451,6477,6506,6537
36288,6338,6343,6351,6362,6375,6391,6409,6430,6453,6480,6509,6540
36352,6341,6346,6354,6364,6378,6393,6412,6433,6456,6483,6511,6543
36416,6344,6349,6357,6367,6380,6396,6414,6435,6459,6485,6514,6546
36480,6346,6352,6359,6370,6383,6399,6417,6438,6462,6488,6517,6549
36544,6349,6354,6362,6373,6386,6401,6420,6441,6465,6491,6520,6552
36608,6352,6357,6365,6375,6388,6404,6423,6444,6467,6494,6523,6554
36672,6355,6360,6368,6378,6391,6407,6425,6446,6470,6497,6526,6557
36736,6358,6363,6371,6381,6394,6410,6428,6449,6473,6499,6528,6560
36800,6361,6366,6373,6384,6397,6412,6431,6452,6476,6502,6531,6563
36864,6364,6369,6376,6386,6399,6415,6434,6455,6478,6505,6534,6566
36928,6367,6371,6379,6389,6402,6418,6436,6457,6481,6508,6537,6569
36992,6369,6374,6382,6392,6405,6421,6439,6460,6484,6511,6540,6572
37056,6372,6377,6385,6395,6408,6423,6442,6463,6487,6513,6543,6575
37120,6375,6380,6387,6398,6410,6426,6444,6466,6490,6516,6546,6578
37184,6378,6383,6390,6400,6413,6429,6447,6468,6492,6519,6548,6581
37248,6381,6386,6393,6403,6416,6432,6450,6471,6495,6522,6551,6583
37312,6384,6388,6396,6406,6419,6434,6453,6474,6498,6525,6554,6586
37376,6387,6391,6399,6409,6421,6437,6455,6477,6501,6527,6557,6589
37440,6390,6394,6401,6411,6424,6440,6458,6479,6503,6530,6560,6592
37504,6393,6397,6404,6414,6427,6443,6461,6482,6506,6533,6563,6595
37568,6395,6400,6407,6417,6430,6445,6464,6485,6509,6536,6565,6598
37632,6398,6403,6410,6420,6432,6448,6466,6488,6512,6539,6568,6601
37696,6401,6405,6412,6422,6435,6451,6469,6490,6514,6541,6571,6604
37760,6404,6408,6415,6425,6438,6453,6472,6493,6517,6544,6574,6607
37824,6407,6411,6418,6428,6441,6456,6475,6496,6520,6547,6577,6610
37888,6410,6414,6421,6431,6443,6459,6477,6499,6523,6550,6580,6612
37952,6413,6417,6424,6433,6446,6462,6480,6501,6526,6553,6583,6615
38016,6416,6420,6426,6436,6449,6464,6483,6504,6528,6555,6585,6618
38080,6418,6422,6429,6439,6452,6467,6486,6507,6531,6558,6588,6621
38144,6421,6425,6432,6442,6454,6470,6488,6510,6534,6561,6591,6624
38208,6424,6428,6435,6444,6457,6473,6491,6512,6537,6564,6594,6627
38272,6427,6431,6438,6447,6460,6475,6494,6515,6539,6567,6597,6630
38336,6430,6434,6440,6450,6463,6478,6497,6518,6542,6569,6600,6633
38400,6433,6437,6443,6453,6465,6481,6499,6521,6545,6572,6603,6636
38464,6436,6439,6446,6456,6468,6484,6502,6523,6548,6575,6605,6639
38528,6439,6442,6449,6458,6471,6486,6505,6526,6551,6578,6608,6641
38592,6441,6445,6452,6461,6474,6489,6507,6529,6553,6581,6611,6644
38656,6444,6448,6454,6464,6476,6492,6510,6532,6556,6583,6614,6647
38720,6447,6451,6457,6467,6479,6494,6513,6534,6559,6586,6617,6650
38784,6450,6453,6460,6469,6482,6497,6516,6537,6562,6589,6620,6653
38848,6453,6456,6463,6472,6485,6500,6518,6540,6564,6592,6622,6656
38912,6456,6459,6465,6475,6487,6503,6521,6543,6567,6595,6625,6659
38976,6459,6462,6468,6478,6490,6505,6524,6545,6570,6598,6628,6662
39040,6462,6465,6471,6480,6493,6508,6527,6548,6573,6600,6631,6665
39104,6464,6468,6474,6483,6495,6511,6529,6551,6575,6603,6634,6668
39168,6467,6470,6477,6486,6498,6514,6532,6554,6578,6606,6637,6671
39232,6470,6473,6479,6489,6501,6516,6535,6556,6581,6609,6640,6673
39296,6473,6476,6482,6491,6504,6519,6538,6559,6584,6612,6642,6676
39360,6476,6479,6485,6494,6506,6522,6540,6562,6587,6614,6645,6679
39424,6479,6482,6488,6497,6509,6525,6543,6565,6589,6617,6648,6682
39488,6482,6485,6491,6500,6512,6527,6546,6567,6592,6620,6651,6685
39552,6485,6487,6493,6502,6515,6530,6549,6570,6595,6623,6654,6688
39616,6488,6490,6496,6505,6517,6533,6551,6573,6598,6626,6657,6691
39680,6490,6493,6499,6508,6520,6535,6554,6576,6600,6628,6659,6694
39744,6493,6496,6502,6511,6523,6538,6557,6578,6603,6631,6662,6697
39808,6496,6499,6505,6514,6526,6541,6559,6581,6606,6634,6665,6700
39872,6499,6502,6507,6516,6528,6544,6562,6584,6609,6637,6668,6702
39936,6502,6504,6510,6519,6531,6546,6565,6587,6612,6640,6671,6705
40000,6505,6507,6513,6522,6534,6549,6568,6589,6614,6642,6674,6708
40064,6508,6510,6516,6525,6537,6552,6570,6592,6617,6645,6677,6711
40128,6511,6513,6518,6527,6539,6555,6573,6595,6620,6648,6679,6714
40192,6513,6516,6521,6530,6542,6557,6576,6598,6623,6651,6682,6717
40256,6516,6519,6524,6533,6545,6560,6579,6600,6625,6654,6685,6720
40320,6519,6521,6527,6536,6548,6563,6581,6603,6628,6656,6688,6723
40384,6522,6524,6530,6538,6550,6566,6584,6606,6631,6659,6691,6726
40448,6525,6527,6532,6541,6553,6568,6587,6609,6634,6662,6694,6729
40512,6528,6530,6535,6544,6556,6571,6590,6611,6636,6665,6696,6731
40576,6531,6533,6538,6547,6559,6574,6592,6614,6639,6668,6699,6734
40640,6534,6536,6541,6549,6561,6577,6595,6617,6642,6670,6702,6737
40704,6536,6538,6544,6552,6564,6579,6598,6620,6645,6673,6705,6740
40768,6539,6541,6546,6555,6567,6582,6601,6622,6648,6676,6708,6743
40832,6542,6544,6549,6558,6570,6585,6603,6625,6650,6679,6711,6746
40896,6545,6547,6552,6560,6572,6587,6606,6628,6653,6682,6714,6749
40960,6548,6550,6555,6563,6575,6590,6609,6631,6656,6684,6716,6752
41024,6551,6553,6558,6566,6578,6593,6611,6633,6659,6687,6719,6755
41088,6554,6555,6560,6569,6581,6596,6614,6636,6661,6690,6722,6758
41152,6557,6558,6563,6572,6583,6598,6617,6639,6664,6693,6725,6760
41216,6559,6561,6566,6574,6586,6601,6620,6642,6667,6696,6728,6763
41280,6562,6564,6569,6577,6589,6604,6622,6644,6670,6698,6731,6766
41344,6565,6567,6572,6580,6591,6607,6625,6647,6672,6701,6734,6769
41408,6568,6569,6574,6583,6594,6609,6628,6650,6675,6704,6736,6772
41472,6571,6572,6577,6585,6597,6612,6631,6653,6678,6707,6739,6775
41536,6574,6575,6580,6588,6600,6615,6633,6655,6681,6710,6742,6778
41600,6577,6578,6583,6591,6602,6618,6636,6658,6684,6713,6745,6781
41664,6580,6581,6585,6594,6605,6620,6639,6661,6686,6715,6748,6784
41728,6582,6584,6588,6596,6608,6623,6642,6664,6689,6718,6751,6787
41792,6585,6586,6591,6599,6611,6626,6644,6666,6692,6721,6753,6789
41856,6588,6589,6594,6602,6613,6628,6647,6669,6695,6724,6756,6792
41920,6591,6592,6597,6605,6616,6631,6650,6672,6697,6727,6759,6795
41984,6594,6595,6599,6607,6619,6634,6653,6675,6700,6729,6762,6798
42048,6597,6598,6602,6610,6622,6637,6655,6677,6703,6732,6765,6801
42112,6600,6601,6605,6613,6624,6639,6658,6680,6706,6735,6768,6804
42176,6603,6603,6608,6616,6627,6642,6661,6683,6709,6738,6771,6807
42240,6606,6606,6611,6618,6630,6645,6663,6686,6711,6741,6773,6810
42304,6608,6609,6613,6621,6633,6648,6666,6688,6714,6743,6776,6813
42368,6611,6612,6616,6624,6635,6650,6669,6691,6717,6746,6779,6816
42432,6614,6615,6619,6627,6638,6653,6672,6694,6720,6749,6782,6818
42496,6617,6618,6622,6629,6641,6656,6674,6697,6722,6752,6785,6821
42560,6620,6620,6625,6632,6644,6659,6677,6699,6725,6755,6788,6824
42624,6623,6623,6627,6635,6646,6661,6680,6702,6728,6757,6790,6827
42688,6626,6626,6630,6638,6649,6664,6683,6705,6731,6760,6793,6830
42752,6629,6629,6633,6641,6652,6667,6685,6708,6733,6763,6796,6833
42816,6631,6632,6636,6643,6655,6670,6688,6710,6736,6766,6799,6836
42880,6634,6635,6638,6646,6657,6672,6691,6713,6739,6769,6802,6839
42944,6637,6637,6641,6649,6660,6675,6694,6716,6742,6771,6805,6842
43008,6640,6640,6644,6652,6663,6678,6696,6719,6745,6774,6808,6845
43072,6643,6643,6647,6654,6666,6680,6699,6721,6747,6777,6810,6847
43136,6646,6646,6650,6657,6668,6683,6702,6724,6750,6780,6813,6850
43200,6649,6649,6652,6660,6671,6686,6705,6727,6753,6783,6816,6853
43264,6652,6652,6655,6663,6674,6689,6707,6730,6756,6785,6819,6856
43328,6654,6654,6658,6665,6677,6691,6710,6732,6758,6788,6822,6859
43392,6657,6657,6661,6668,6679,6694,6713,6735,6761,6791,6825,6862
43456,6660,6660,6664,6671,6682,6697,6715,6738,6764,6794,6827,6865
43520,6663,6663,6666,6674,6685,6700,6718,6741,6767,6797,6830,6868
43584,6666,6666,6669,6676,6687,6702,6721,6743,6770,6799,6833,6871
43648,6669,6669,6672,6679,6690,6705,6724,6746,6772,6802,6836,6874
43712,6672,6671,6675,6682,6693,6708,6726,6749,6775,6805,6839,6877
43776,6675,6674,6678,6685,6696,6711,6729,6752,6778,6808,6842,6879
43840,6677,6677,6680,6687,6698,6713,6732,6754,6781,6811,6845,6882
43904,6680,6680,6683,6690,6701,6716,6735,6757,6783,6813,6847,6885
43968,6683,6683,6686,6693,6704,6719,6737,6760,6786,6816,6850,6888
44032,6686,6685,6689,6696,6707,6721,6740,6763,6789,6819,6853,6891
44096,6689,6688,6691,6699,6709,6724,6743,6765,6792,6822,6856,6894
44160,6692,6691,6694,6701,6712,6727,6746,6768,6794,6825,6859,6897
44224,6695,6694,6697,6704,6715,6730,6748,6771,6797,6828,6862,6900
44288,6698,6697,6700,6707,6718,6732,6751,6774,6800,6830,6865,6903
44352,6701,6700,6703,6710,6720,6735,6754,6776,6803,6833,6867,6906
44416,6703,6702,6705,6712,6723,6738,6757,6779,6806,6836,6870,6908
44480,6706,6705,6708,6715,6726,6741,6759,6782,6808,6839,6873,6911
44544,6709,6708,6711,6718,6729,6743,6762,6785,6811,6842,6876,6914
44608,6712,6711,6714,6721,6731,6746,6765,6787,6814,6844,6879,6917
44672,6715,6714,6717,6723,6734,6749,6767,6790,6817,6847,6882,6920
44736,6718,6717,6719,6726,6737,6752,6770,6793,6819,6850,6884,6923
44800,6721,6719,6722,6729,6740,6754,6773,6796,6822,6853,6887,6926
44864,6724,6722,6725,6732,6742,6757,6776,6798,6825,6856,6890,6929
44928,6726,6725,6728,6734,6745,6760,6778,6801,6828,6858,6893,6932
44992,6729,6728,6731,6737,6748,6762,6781,6804,6830,6861,6896,6935
45056,6732,6731,6733,6740,6751,6765,6784,6807,6833,6864,6899,6937
45120,6735,6734,6736,6743,6753,6768,6787,6809,6836,6867,6902,6940
45184,6738,6736,6739,6745,6756,6771,6789,6812,6839,6870,6904,6943
45248,6741,6739,6742,6748,6759,6773,6792,6815,6842,6872,6907,6946
45312,6744,6742,6745,6751,6762,6776,6795,6818,6844,6875,6910,6949
45376,6747,6745,6747,6754,6764,6779,6798,6820,6847,6878,6913,6952
45440,6749,6748,6750,6757,6767,6782,6800,6823,6850,6881,6916,6955
45504,6752,6751,6753,6759,6770,6784,6803,6826,6853,6884,6919,6958
45568,6755,6753,6756,6762,6773,6787,6806,6829,6855,6886,6921,6961
45632,6758,6756,6758,6765,6775,6790,6809,6831,6858,6889,6924,6964
45696,6761,6759,6761,6768,6778,6793,6811,6834,6861,6892,6927,6966
45760,6764,6762,6764,6770,6781,6795,6814,6837,6864,6895,6930,6969
45824,6767,6765,6767,6773,6784,6798,6817,6840,6867,6898,6933,6972
45888,6770,6768,6770,6776,6786,6801,6819,6842,6869,6900,6936,6975
45952,6772,6770,6772,6779,6789,6804,6822,6845,6872,6903,6939,6978
46016,6775,6773,6775,6781,6792,6806,6825,6848,6875,6906,6941,6981
46080,6778,6776,6778,6784,6794,6809,6828,6851,6878,6909,6944,6984
46144,6781,6779,6781,6787,6797,6812,6830,6853,6880,6912,6947,6987
46208,6784,6782,6784,6790,6800,6814,6833,6856,6883,6914,6950,6990
46272,6787,6785,6786,6792,6803,6817,6836,6859,6886,6917,6953,6993
46336,6790,6787,6789,6795,6805,6820,6839,6862,6889,6920,6956,6995
46400,6793,6790,6792,6798,6808,6823,6841,6864,6891,6923,6959,6998
46464,6796,6793,6795,6801,6811,6825,6844,6867,6894,6926,6961,7001
46528,6798,6796,6798,6803,6814,6828,6847,6870,6897,6928,6964,7004
46592,6801,6799,6800,6806,6816,6831,6850,6873,6900,6931,6967,7007
46656,6804,6801,6803,6809,6819,6834,6852,6875,6903,6934,6970,7010
46720,6807,6804,6806,6812,6822,6836,6855,6878,6905,6937,6973,7013
46784,6810,6807,6809,6815,6825,6839,6858,6881,6908,6940,6976,7016
46848,6813,6810,6811,6817,6827,6842,6861,6884,6911,6943,6978,7019
46912,6816,6813,6814,6820,6830,6845,6863,6886,6914,6945,6981,7022
46976,6819,6816,6817,6823,6833,6847,6866,6889,6916,6948,6984,7024
47040,6821,6818,6820,6826,6836,6850,6869,6892,6919,6951,6987,7027
47104,6824,6821,6823,6828,6838,6853,6871,6895,6922,6954,6990,7030
47168,6827,6824,6825,6831,6841,6855,6874,6897,6925,6957,6993,7033
47232,6830,6827,6828,6834,6844,6858,6877,6900,6928,6959,6996,7036
47296,6833,6830,6831,6837,6847,6861,6880,6903,6930,6962,6998,7039
47360,6836,6833,6834,6839,6849,6864,6882,6906,6933,6965,7001,7042
47424,6839,6835,6837,6842,6852,6866,6885,6908,6936,6968,7004,7045
47488,6842,6838,6839,6845,6855,6869,6888,6911,6939,6971,7007,7048
47552,6844,6841,6842,6848,6858,6872,6891,6914,6941,6973,7010,7051
47616,6847,6844,6845,6850,6860,6875,6893,6917,6944,6976,7013,7054
47680,6850,6847,6848,6853,6863,6877,6896,6919,6947,6979,7015,7056
47744,6853,6850,6851,6856,6866,6880,6899,6922,6950,6982,7018,7059
47808,6856,6852,6853,6859,6869,6883,6902,6925,6952,6985,7021,7062
47872,6859,6855,6856,6861,6871,6886,6904,6928,6955,6987,7024,7065
47936,6862,6858,6859,6864,6874,6888,6907,6930,6958,6990,7027,7068
48000,6865,6861,6862,6867,6877,6891,6910,6933,6961,6993,7030,7071
48064,6867,6864,6864,6870,6880,6894,6913,6936,6964,6996,7033,7074
48128,6870,6867,6867,6873,6882,6897,6915,6939,6966,6999,7035,7077
48192,6873,6869,6870,6875,6885,6899,6918,6941,6969,7001,7038,7080
48256,6876,6872,6873,6878,6888,6902,6921,6944,6972,7004,7041,7083
48320,6879,6875,6876,6881,6890,6905,6923,6947,6975,7007,7044,7085
48384,6882,6878,6878,6884,6893,6907,6926,6950,6977,7010,7047,7088
48448,6885,6881,6881,6886,6896,6910,6929,6952,6980,7013,7050,7091
48512,6888,6884,6884,6889,6899,6913,6932,6955,6983,7015,7052,7094
48576,6890,6886,6887,6892,6901,6916,6934,6958,6986,7018,7055,7097
48640,6893,6889,6890,6895,6904,6918,6937,6961,6989,7021,7058,7100
48704,6896,6892,6892,6897,6907,6921,6940,6963,6991,7024,7061,7103
48768,6899,6895,6895,6900,6910,6924,6943,6966,6994,7027,7064,7106
48832,6902,6898,6898,6903,6912,6927,6945,6969,6997,7029,7067,7109
48896,6905,6901,6901,6906,6915,6929,6948,6972,7000,7032,7070,7112
48960,6908,6903,6904,6908,6918,6932,6951,6974,7002,7035,7072,7114
49024,6911,6906,6906,6911,6921,6935,6954,6977,7005,7038,7075,7117
49088,6914,6909,6909,6914,6923,6938,6956,6980,7008,7041,7078,7120
49152,6916,6912,6912,6917,6926,6940,6959,6983,7011,7043,7081,7123
49216,6919,6915,6915,6919,6929,6943,6962,6985,7013,7046,7084,7126
49280,6922,6917,6918,6922,6932,6946,6965,6988,7016,7049,7087,7129
49344,6925,6920,6920,6925,6934,6948,6967,6991,7019,7052,7090,7132
49408,6928,6923,6923,6928,6937,6951,6970,6994,7022,7055,7092,7135
49472,6931,6926,6926,6931,6940,6954,6973,6996,7025,7058,7095,7138
49536,6934,6929,6929,6933,6943,6957,6975,6999,7027,7060,7098,7141
49600,6937,6932,6931,6936,6945,6959,6978,7002,7030,7063,7101,7143
49664,6939,6934,6934,6939,6948,6962,6981,7005,7033,7066,7104,7146
49728,6942,6937,6937,6942,6951,6965,6984,7007,7036,7069,7107,7149
49792,6945,6940,6940,6944,6954,6968,6986,7010,7038,7072,7109,7152
49856,6948,6943,6943,6947,6956,6970,6989,7013,7041,7074,7112,7155
49920,6951,6946,6945,6950,6959,6973,6992,7016,7044,7077,7115,7158
49984,6954,6949,6948,6953,6962,6976,6995,7018,7047,7080,7118,7161
50048,6957,6951,6951,6955,6965,6979,6997,7021,7049,7083,7121,7164
50112,6960,6954,6954,6958,6967,6981,7000,7024,7052,7086,7124,7167
50176,6962,6957,6957,6961,6970,6984,7003,7027,7055,7088,7127,7170
50240,6965,6960,6959,6964,6973,6987,7006,7029,7058,7091,7129,7172
50304,6968,6963,6962,6966,6976,6990,7008,7032,7061,7094,7132,7175
50368,6971,6966,6965,6969,6978,6992,7011,7035,7063,7097,7135,7178
50432,6974,6968,6968,6972,6981,6995,7014,7038,7066,7100,7138,7181
50496,6977,6971,6971,6975,6984,6998,7017,7040,7069,7102,7141,7184
50560,6980,6974,6973,6977,6987,7000,7019,7043,7072,7105,7144,7187
50624,6983,6977,6976,6980,6989,7003,7022,7046,7074,7108,7146,7190
50688,6985,6980,6979,6983,6992,7006,7025,7049,7077,7111,7149,7193
50752,6988,6983,6982,6986,6995,7009,7027,7051,7080,7114,7152,7196
50816,6991,6985,6984,6989,6997,7011,7030,7054,7083,7116,7155,7199
50880,6994,6988,6987,6991,7000,7014,7033,7057,7086,7119,7158,7201
50944,6997,6991,6990,6994,7003,7017,7036,7060,7088,7122,7161,7204
51008,7000,6994,6993,6997,7006,7020,7038,7062,7091,7125,7164,7207
51072,7003,6997,6996,7000,7008,7022,7041,7065,7094,7128,7166,7210
51136,7006,7000,6998,7002,7011,7025,7044,7068,7097,7130,7169,7213
51200,7009,7002,7001,7005,7014,7028,7047,7071,7099,7133,7172,7216
51264,7011,7005,7004,7008,7017,7031,7049,7073,7102,7136,7175,7219
51328,7014,7008,7007,7011,7019,7033,7052,7076,7105,7139,7178,7222
51392,7017,7011,7010,7013,7022,7036,7055,7079,7108,7142,7181,7225
51456,7020,7014,7012,7016,7025,7039,7058,7082,7110,7144,7184,7228
51520,7023,7017,7015,7019,7028,7041,7060,7084,7113,7147,7186,7230
51584,7026,7019,7018,7022,7030,7044,7063,7087,7116,7150,7189,7233
51648,7029,7022,7021,7024,7033,7047,7066,7090,7119,7153,7192,7236
51712,7032,7025,7024,7027,7036,7050,7069,7093,7122,7156,7195,7239
51776,7034,7028,7026,7030,7039,7052,7071,7095,7124,7158,7198,7242
51840,7037,7031,7029,7033,7041,7055,7074,7098,7127,7161,7201,7245
51904,7040,7033,7032,7035,7044,7058,7077,7101,7130,7164,7203,7248
51968,7043,7036,7035,7038,7047,7061,7080,7104,7133,7167,7206,7251
52032,7046,7039,7037,7041,7050,7063,7082,7106,7135,7170,7209,7254
52096,7049,7042,7040,7044,7052,7066,7085,7109,7138,7173,7212,7257
52160,7052,7045,7043,7046,7055,7069,7088,7112,7141,7175,7215,7260
52224,7055,7048,7046,7049,7058,7072,7090,7115,7144,7178,7218,7262
52288,7057,7050,7049,7052,7061,7074,7093,7117,7147,7181,7221,7265
52352,7060,7053,7051,7055,7063,7077,7096,7120,7149,7184,7223,7268
52416,7063,7056,7054,7058,7066,7080,7099,7123,7152,7187,7226,7271
52480,7066,7059,7057,7060,7069,7082,7101,7126,7155,7189,7229,7274
52544,7069,7062,7060,7063,7072,7085,7104,7128,7158,7192,7232,7277
52608,7072,7065,7063,7066,7074,7088,7107,7131,7160,7195,7235,7280
52672,7075,7067,7065,7069,7077,7091,7110,7134,7163,7198,7238,7283
52736,7078,7070,7068,7071,7080,7093,7112,7137,7166,7201,7240,7286
52800,7080,7073,7071,7074,7083,7096,7115,7139,7169,7203,7243,7289
52864,7083,7076,7074,7077,7085,7099,7118,7142,7171,7206,7246,7291
52928,7086,7079,7077,7080,7088,7102,7121,7145,7174,7209,7249,7294
52992,7089,7082,7079,7082,7091,7104,7123,7148,7177,7212,7252,7297
53056,7092,7084,7082,7085,7093,7107,7126,7150,7180,7215,7255,7300
53120,7095,7087,7085,7088,7096,7110,7129,7153,7183,7217,7258,7303
53184,7098,7090,7088,7091,7099,7113,7132,7156,7185,7220,7260,7306
53248,7101,7093,7091,7093,7102,7115,7134,7159,7188,7223,7263,7309
53312,7103,7096,7093,7096,7104,7118,7137,7161,7191,7226,7266,7312
53376,7106,7099,7096,7099,7107,7121,7140,7164,7194,7229,7269,7315
53440,7109,7101,7099,7102,7110,7124,7142,7167,7196,7231,7272,7318
53504,7112,7104,7102,7104,7113,7126,7145,7169,7199,7234,7275,7320
53568,7115,7107,7104,7107,7115,7129,7148,7172,7202,7237,7277,7323
53632,7118,7110,7107,7110,7118,7132,7151,7175,7205,7240,7280,7326
53696,7121,7113,7110,7113,7121,7134,7153,7178,7207,7243,7283,7329
53760,7124,7116,7113,7116,7124,7137,7156,7180,7210,7245,7286,7332
53824,7127,7118,7116,7118,7126,7140,7159,7183,7213,7248,7289,7335
53888,7129,7121,7118,7121,7129,7143,7162,7186,7216,7251,7292,7338
53952,7132,7124,7121,7124,7132,7145,7164,7189,7219,7254,7295,7341
54016,7135,7127,7124,7127,7135,7148,7167,7191,7221,7257,7297,7344
54080,7138,7130,7127,7129,7137,7151,7170,7194,7224,7259,7300,7347
54144,7141,7133,7130,7132,7140,7154,7173,7197,7227,7262,7303,7349
54208,7144,7135,7132,7135,7143,7156,7175,7200,7230,7265,7306,7352
54272,7147,7138,7135,7138,7146,7159,7178,7202,7232,7268,7309,7355
54336,7150,7141,7138,7140,7148,7162,7181,7205,7235,7271,7312,7358
54400,7152,7144,7141,7143,7151,7165,7184,7208,7238,7273,7315,7361
54464,7155,7147,7144,7146,7154,7167,7186,7211,7241,7276,7317,7364
54528,7158,7149,7146,7149,7157,7170,7189,7213,7244,7279,7320,7367
54592,7161,7152,7149,7151,7159,7173,7192,7216,7246,7282,7323,7370
54656,7164,7155,7152,7154,7162,7175,7194,7219,7249,7285,7326,7373
54720,7167,7158,7155,7157,7165,7178,7197,7222,7252,7288,7329,7376
54784,7170,7161,7157,7160,7168,7181,7200,7224,7255,7290,7332,7378
54848,7173,7164,7160,7162,7170,7184,7203,7227,7257,7293,7334,7381
54912,7175,7166,7163,7165,7173,7186,7205,7230,7260,7296,7337,7384
54976,7178,7169,7166,7168,7176,7189,7208,7233,7263,7299,7340,7387
55040,7181,7172,7169,7171,7179,7192,7211,7235,7266,7302,7343,7390
55104,7184,7175,7171,7174,7181,7195,7214,7238,7268,7304,7346,7393
55168,7187,7178,7174,7176,7184,7197,7216,7241,7271,7307,7349,7396
55232,7190,7181,7177,7179,7187,7200,7219,7244,7274,7310,7352,7399
55296,7193,7183,7180,7182,7189,7203,7222,7246,7277,7313,7354,7402
55360,7196,7186,7183,7185,7192,7206,7225,7249,7280,7316,7357,7405
55424,7198,7189,7185,7187,7195,7208,7227,7252,7282,7318,7360,7407
55488,7201,7192,7188,7190,7198,7211,7230,7255,7285,7321,7363,7410
55552,7204,7195,7191,7193,7200,7214,7233,7257,7288,7324,7366,7413
55616,7207,7198,7194,7196,7203,7217,7236,7260,7291,7327,7369,7416
55680,7210,7200,7197,7198,7206,7219,7238,7263,7293,7330,7371,7419
55744,7213,7203,7199,7201,7209,7222,7241,7266,7296,7332,7374,7422
55808,7216,7206,7202,7204,7211,7225,7244,7268,7299,7335,7377,7425
55872,7219,7209,7205,7207,7214,7227,7246,7271,7302,7338,7380,7428
55936,7222,7212,7208,7209,7217,7230,7249,7274,7305,7341,7383,7431
56000,7224,7215,7210,7212,7220,7233,7252,7277,7307,7344,7386,7434
56064,7227,7217,7213,7215,7222,7236,7255,7279,7310,7346,7389,7436
56128,7230,7220,7216,7218,7225,7238,7257,7282,7313,7349,7391,7439
56192,7233,7223,7219,7220,7228,7241,7260,7285,7316,7352,7394,7442
56256,7236,7226,7222,7223,7231,7244,7263,7288,7318,7355,7397,7445
56320,7239,7229,7224,7226,7233,7247,7266,7290,7321,7358,7400,7448
56384,7242,7232,7227,7229,7236,7249,7268,7293,7324,7360,7403,7451
56448,7245,7234,7230,7232,7239,7252,7271,7296,7327,7363,7406,7454
56512,7247,7237,7233,7234,7242,7255,7274,7299,7329,7366,7409,7457
56576,7250,7240,7236,7237,7244,7258,7277,7301,7332,7369,7411,7460
56640,7253,7243,7238,7240,7247,7260,7279,7304,7335,7372,7414,7463
56704,7256,7246,7241,7243,7250,7263,7282,7307,7338,7374,7417,7466
56768,7259,7248,7244,7245,7253,7266,7285,7310,7341,7377,7420,7468
56832,7262,7251,7247,7248,7255,7268,7288,7312,7343,7380,7423,7471
56896,7265,7254,7250,7251,7258,7271,7290,7315,7346,7383,7426,7474
56960,7268,7257,7252,7254,7261,7274,7293,7318,7349,7386,7428,7477
57024,7270,7260,7255,7256,7264,7277,7296,7321,7352,7389,7431,7480
57088,7273,7263,7258,7259,7266,7279,7298,7323,7354,7391,7434,7483
57152,7276,7265,7261,7262,7269,7282,7301,7326,7357,7394,7437,7486
57216,7279,7268,7264,7265,7272,7285,7304,7329,7360,7397,7440,7489
57280,7282,7271,7266,7267,7275,7288,7307,7332,7363,7400,7443,7492
57344,7285,7274,7269,7270,7277,7290,7309,7334,7366,7403,7446,7495
57408,7288,7277,7272,7273,7280,7293,7312,7337,7368,7405,7448,7497
57472,7291,7280,7275,7276,7283,7296,7315,7340,7371,7408,7451,7500
57536,7293,7282,7277,7278,7286,7299,7318,7343,7374,7411,7454,7503
57600,7296,7285,7280,7281,7288,7301,7320,7345,7377,7414,7457,7506
57664,7299,7288,7283,7284,7291,7304,7323,7348,7379,7417,7460,7509
57728,7302,7291,7286,7287,7294,7307,7326,7351,7382,7419,7463,7512
57792,7305,7294,7289,7290,7296,7309,7329,7354,7385,7422,7465,7515
57856,7308,7297,7291,7292,7299,7312,7331,7356,7388,7425,7468,7518
57920,7311,7299,7294,7295,7302,7315,7334,7359,7390,7428,7471,7521
57984,7314,7302,7297,7298,7305,7318,7337,7362,7393,7431,7474,7524
58048,7316,7305,7300,7301,7307,7320,7340,7365,7396,7433,7477,7526
58112,7319,7308,7303,7303,7310,7323,7342,7367,7399,7436,7480,7529
58176,7322,7311,7305,7306,7313,7326,7345,7370,7402,7439,7483,7532
58240,7325,7314,7308,7309,7316,7329,7348,7373,7404,7442,7485,7535
58304,7328,7316,7311,7312,7318,7331,7350,7376,7407,7445,7488,7538
58368,7331,7319,7314,7314,7321,7334,7353,7378,7410,7447,7491,7541
58432,7334,7322,7317,7317,7324,7337,7356,7381,7413,7450,7494,7544
58496,7337,7325,7319,7320,7327,7340,7359,7384,7415,7453,7497,7547
58560,7340,7328,7322,7323,7329,7342,7361,7387,7418,7456,7500,7550
58624,7342,7331,7325,7325,7332,7345,7364,7389,7421,7459,7502,7553
58688,7345,7333,7328,7328,7335,7348,7367,7392,7424,7461,7505,7555
58752,7348,7336,7330,7331,7338,7351,7370,7395,7426,7464,7508,7558
58816,7351,7339,7333,7334,7340,7353,7372,7398,7429,7467,7511,7561
58880,7354,7342,7336,7336,7343,7356,7375,7400,7432,7470,7514,7564
58944,7357,7345,7339,7339,7346,7359,7378,7403,7435,7473,7517,7567
59008,7360,7348,7342,7342,7349,7361,7381,7406,7438,7475,7520,7570
59072,7363,7350,7344,7345,7351,7364,7383,7409,7440,7478,7522,7573
59136,7365,7353,7347,7348,7354,7367,7386,7411,7443,7481,7525,7576
59200,7368,7356,7350,7350,7357,7370,7389,7414,7446,7484,7528,7579
59264,7371,7359,7353,7353,7360,7372,7392,7417,7449,7487,7531,7582
59328,7374,7362,7356,7356,7362,7375,7394,7420,7451,7489,7534,7584
59392,7377,7364,7358,7359,7365,7378,7397,7422,7454,7492,7537,7587
59456,7380,7367,7361,7361,7368,7381,7400,7425,7457,7495,7540,7590
59520,7383,7370,7364,7364,7371,7383,7402,7428,7460,7498,7542,7593
59584,7386,7373,7367,7367,7373,7386,7405,7431,7463,7501,7545,7596
59648,7388,7376,7370,7370,7376,7389,7408,7433,7465,7504,7548,7599
59712,7391,7379,7372,7372,7379,7392,7411,7436,7468,7506,7551,7602
59776,7394,7381,7375,7375,7382,7394,7413,7439,7471,7509,7554,7605
59840,7397,7384,7378,7378,7384,7397,7416,7442,7474,7512,7557,7608
59904,7400,7387,7381,7381,7387,7400,7419,7444,7476,7515,7559,7611
59968,7403,7390,7383,7383,7390,7402,7422,7447,7479,7518,7562,7613
60032,7406,7393,7386,7386,7392,7405,7424,7450,7482,7520,7565,7616
60096,7409,7396,7389,7389,7395,7408,7427,7453,7485,7523,7568,7619
60160,7411,7398,7392,7392,7398,7411,7430,7455,7487,7526,7571,7622
60224,7414,7401,7395,7394,7401,7413,7433,7458,7490,7529,7574,7625
60288,7417,7404,7397,7397,7403,7416,7435,7461,7493,7532,7577,7628
60352,7420,7407,7400,7400,7406,7419,7438,7464,7496,7534,7579,7631
60416,7423,7410,7403,7403,7409,7422,7441,7466,7499,7537,7582,7634
60480,7426,7413,7406,7406,7412,7424,7444,7469,7501,7540,7585,7637
60544,7429,7415,7409,7408,7414,7427,7446,7472,7504,7543,7588,7640
60608,7432,7418,7411,7411,7417,7430,7449,7475,7507,7546,7591,7643
60672,7435,7421,7414,7414,7420,7433,7452,7477,7510,7548,7594,7645
60736,7437,7424,7417,7417,7423,7435,7454,7480,7512,7551,7596,7648
60800,7440,7427,7420,7419,7425,7438,7457,7483,7515,7554,7599,7651
60864,7443,7430,7423,7422,7428,7441,7460,7486,7518,7557,7602,7654
60928,7446,7432,7425,7425,7431,7444,7463,7488,7521,7560,7605,7657
60992,7449,7435,7428,7428,7434,7446,7465,7491,7524,7562,7608,7660
61056,7452,7438,7431,7430,7436,7449,7468,7494,7526,7565,7611,7663
61120,7455,7441,7434,7433,7439,7452,7471,7497,7529,7568,7614,7666
61184,7458,7444,7436,7436,7442,7454,7474,7499,7532,7571,7616,7669
61248,7460,7447,7439,7439,7445,7457,7476,7502,7535,7574,7619,7672
61312,7463,7449,7442,7441,7447,7460,7479,7505,7537,7576,7622,7674
61376,7466,7452,7445,7444,7450,7463,7482,7508,7540,7579,7625,7677
61440,7469,7455,7448,7447,7453,7465,7485,7510,7543,7582,7628,7680
61504,7472,7458,7450,7450,7456,7468,7487,7513,7546,7585,7631,7683
61568,7475,7461,7453,7452,7458,7471,7490,7516,7548,7588,7634,7686
61632,7478,7464,7456,7455,7461,7474,7493,7519,7551,7590,7636,7689
61696,7481,7466,7459,7458,7464,7476,7496,7521,7554,7593,7639,7692
61760,7483,7469,7462,7461,7467,7479,7498,7524,7557,7596,7642,7695
61824,7486,7472,7464,7463,7469,7482,7501,7527,7560,7599,7645,7698
61888,7489,7475,7467,7466,7472,7485,7504,7530,7562,7602,7648,7701
61952,7492,7478,7470,7469,7475,7487,7506,7532,7565,7604,7651,7703
62016,7495,7480,7473,7472,7478,7490,7509,7535,7568,7607,7653,7706
62080,7498,7483,7476,7475,7480,7493,7512,7538,7571,7610,7656,7709
62144,7501,7486,7478,7477,7483,7495,7515,7541,7573,7613,7659,7712
62208,7504,7489,7481,7480,7486,7498,7517,7543,7576,7616,7662,7715
62272,7506,7492,7484,7483,7488,7501,7520,7546,7579,7619,7665,7718
62336,7509,7495,7487,7486,7491,7504,7523,7549,7582,7621,7668,7721
62400,7512,7497,7490,7488,7494,7506,7526,7552,7584,7624,7671,7724
62464,7515,7500,7492,7491,7497,7509,7528,7554,7587,7627,7673,7727
62528,7518,7503,7495,7494,7499,7512,7531,7557,7590,7630,7676,7730
62592,7521,7506,7498,7497,7502,7515,7534,7560,7593,7633,7679,7732
62656,7524,7509,7501,7499,7505,7517,7537,7563,7596,7635,7682,7735
62720,7527,7512,7503,7502,7508,7520,7539,7565,7598,7638,7685,7738
62784,7529,7514,7506,7505,7510,7523,7542,7568,7601,7641,7688,7741
62848,7532,7517,7509,7508,7513,7526,7545,7571,7604,7644,7690,7744
62912,7535,7520,7512,7510,7516,7528,7548,7574,7607,7647,7693,7747
62976,7538,7523,7515,7513,7519,7531,7550,7576,7609,7649,7696,7750
63040,7541,7526,7517,7516,7521,7534,7553,7579,7612,7652,7699,7753
63104,7544,7529,7520,7519,7524,7537,7556,7582,7615,7655,7702,7756
63168,7547,7531,7523,7521,7527,7539,7558,7585,7618,7658,7705,7759
63232,7550,7534,7526,7524,7530,7542,7561,7587,7621,7661,7708,7761
63296,7553,7537,7529,7527,7532,7545,7564,7590,7623,7663,7710,7764
63360,7555,7540,7531,7530,7535,7547,7567,7593,7626,7666,7713,7767
63424,7558,7543,7534,7533,7538,7550,7569,7596,7629,7669,7716,7770
63488,7561,7546,7537,7535,7541,7553,7572,7598,7632,7672,7719,7773
63552,7564,7548,7540,7538,7543,7556,7575,7601,7634,7675,7722,7776
63616,7567,7551,7543,7541,7546,7558,7578,7604,7637,7677,7725,7779
63680,7570,7554,7545,7544,7549,7561,7580,7607,7640,7680,7727,7782
63744,7573,7557,7548,7546,7552,7564,7583,7609,7643,7683,7730,7785
63808,7576,7560,7551,7549,7554,7567,7586,7612,7645,7686,7733,7788
63872,7578,7563,7554,7552,7557,7569,7589,7615,7648,7689,7736,7790
63936,7581,7565,7556,7555,7560,7572,7591,7618,7651,7691,7739,7793
64000,7584,7568,7559,7557,7563,7575,7594,7620,7654,7694,7742,7796
64064,7587,7571,7562,7560,7565,7578,7597,7623,7657,7697,7745,7799
64128,7590,7574,7565,7563,7568,7580,7600,7626,7659,7700,7747,7802
64192,7593,7577,7568,7566,7571,7583,7602,7629,7662,7703,7750,7805
64256,7596,7580,7570,7568,7574,7586,7605,7631,7665,7705,7753,7808
64320,7599,7582,7573,7571,7576,7588,7608,7634,7668,7708,7756,7811
64384,7601,7585,7576,7574,7579,7591,7610,7637,7670,7711,7759,7814
64448,7604,7588,7579,7577,7582,7594,7613,7640,7673,7714,7762,7817
64512,7607,7591,7582,7579,7585,7597,7616,7642,7676,7717,7765,7819
64576,7610,7594,7584,7582,7587,7599,7619,7645,7679,7719,7767,7822
64640,7613,7596,7587,7585,7590,7602,7621,7648,7682,7722,7770,7825
64704,7616,7599,7590,7588,7593,7605,7624,7651,7684,7725,7773,7828
64768,7619,7602,7593,7591,7595,7608,7627,7653,7687,7728,7776,7831
64832,7622,7605,7596,7593,7598,7610,7630,7656,7690,7731,7779,7834
64896,7624,7608,7598,7596,7601,7613,7632,7659,7693,7734,7782,7837
64960,7627,7611,7601,7599,7604,7616,7635,7662,7695,7736,7784,7840
65024,7630,7613,7604,7602,7606,7619,7638,7664,7698,7739,7787,7843
65088,7633,7616,7607,7604,7609,7621,7641,7667,7701,7742,7790,7846
65152,7636,7619,7609,7607,7612,7624,7643,7670,7704,7745,7793,7849
65216,7639,7622,7612,7610,7615,7627,7646,7673,7706,7748,7796,7851
65280,7642,7625,7615,7613,7617,7629,7649,7675,7709,7750,7799,7854
65344,7645,7628,7618,7615,7620,7632,7652,7678,7712,7753,7802,7857
65408,7648,7630,7621,7618,7623,7635,7654,7681,7715,7756,7804,7860
65472,7650,7633,7623,7621,7626,7638,7657,7684,7718,7759,7807,7863
65536,7653,7636,7626,7624,7628,7640,7660,7686,7720,7762,7810,7866
65600,7656,7639,7629,7626,7631,7643,7663,7689,7723,7764,7813,7869
65664,7659,7642,7632,7629,7634,7646,7665,7692,7726,7767,7816,7872
65728,7662,7645,7635,7632,7637,7649,7668,7695,7729,7770,7819,7875
65792,7665,7647,7637,7635,7639,7651,7671,7697,7731,7773,7821,7878
65856,7668,7650,7640,7637,7642,7654,7673,7700,7734,7776,7824,7880
65920,7671,7653,7643,7640,7645,7657,7676,7703,7737,7778,7827,7883
65984,7673,7656,7646,7643,7648,7660,7679,7706,7740,7781,7830,7886
66048,7676,7659,7649,7646,7650,7662,7682,7708,7743,7784,7833,7889
66112,7679,7662,7651,7649,7653,7665,7684,7711,7745,7787,7836,7892
66176,7682,7664,7654,7651,7656,7668,7687,7714,7748,7790,7839,7895
66240,7685,7667,7657,7654,7659,7671,7690,7717,7751,7792,7841,7898
66304,7688,7670,7660,7657,7661,7673,7693,7719,7754,7795,7844,7901
66368,7691,7673,7663,7660,7664,7676,7695,7722,7756,7798,7847,7904
66432,7694,7676,7665,7662,7667,7679,7698,7725,7759,7801,7850,7907
66496,7696,7679,7668,7665,7670,7681,7701,7728,7762,7804,7853,7909
66560,7699,7681,7671,7668,7672,7684,7704,7730,7765,7806,7856,7912
66624,7702,7684,7674,7671,7675,7687,7706,7733,7767,7809,7859,7915
66688,7705,7687,7676,7673,7678,7690,7709,7736,7770,7812,7861,7918
66752,7708,7690,7679,7676,7681,7692,7712,7739,7773,7815,7864,7921
66816,7711,7693,7682,7679,7683,7695,7715,7741,7776,7818,7867,7924
66880,7714,7696,7685,7682,7686,7698,7717,7744,7779,7820,7870,7927
66944,7717,7698,7688,7684,7689,7701,7720,7747,7781,7823,7873,7930
67008,7719,7701,7690,7687,7691,7703,7723,7750,7784,7826,7876,7933
67072,7722,7704,7693,7690,7694,7706,7725,7752,7787,7829,7878,7936
67136,7725,7707,7696,7693,7697,7709,7728,7755,7790,7832,7881,7938
67200,7728,7710,7699,7695,7700,7712,7731,7758,7792,7834,7884,7941
67264,7731,7712,7702,7698,7702,7714,7734,7761,7795,7837,7887,7944
67328,7734,7715,7704,7701,7705,7717,7736,7763,7798,7840,7890,7947
67392,7737,7718,7707,7704,7708,7720,7739,7766,7801,7843,7893,7950
67456,7740,7721,7710,7707,7711,7722,7742,7769,7803,7846,7896,7953
67520,7742,7724,7713,7709,7713,7725,7745,7772,7806,7849,7898,7956
67584,7745,7727,7716,7712,7716,7728,7747,7774,7809,7851,7901,7959
67648,7748,7729,7718,7715,7719,7731,7750,7777,7812,7854,7904,7962
67712,7751,7732,7721,7718,7722,7733,7753,7780,7815,7857,7907,7965
67776,7754,7735,7724,7720,7724,7736,7756,7783,7817,7860,7910,7967
67840,7757,7738,7727,7723,7727,7739,7758,7785,7820,7863,7913,7970
67904,7760,7741,7729,7726,7730,7742,7761,7788,7823,7865,7915,7973
67968,7763,7744,7732,7729,7733,7744,7764,7791,7826,7868,7918,7976
68032,7766,7746,7735,7731,7735,7747,7767,7794,7828,7871,7921,7979
68096,7768,7749,7738,7734,7738,7750,7769,7796,7831,7874,7924,7982
68160,7771,7752,7741,7737,7741,7753,7772,7799,7834,7877,7927,7985
68224,7774,7755,7743,7740,7744,7755,7775,7802,7837,7879,7930,7988
68288,7777,7758,7746,7742,7746,7758,7777,7805,7840,7882,7933,7991
68352,7780,7761,7749,7745,7749,7761,7780,7807,7842,7885,7935,7994
68416,7783,7763,7752,7748,7752,7764,7783,7810,7845,7888,7938,7996
68480,7786,7766,7755,7751,7755,7766,7786,7813,7848,7891,7941,7999
68544,7789,7769,7757,7753,7757,7769,7788,7816,7851,7893,7944,8002
68608,7791,7772,7760,7756,7760,7772,7791,7818,7853,7896,7947,8005
68672,7794,7775,7763,7759,7763,7774,7794,7821,7856,7899,7950,8008
68736,7797,7778,7766,7762,7766,7777,7797,7824,7859,7902,7952,8011
68800,7800,7780,7769,7765,7768,7780,7799,7827,7862,7905,7955,8014
68864,7803,7783,7771,7767,7771,7783,7802,7829,7864,7907,7958,8017
68928,7806,7786,7774,7770,7774,7785,7805,7832,7867,7910,7961,8020
68992,7809,7789,7777,7773,7777,7788,7808,7835,7870,7913,7964,8023
69056,7812,7792,7780,7776,7779,7791,7810,7838,7873,7916,7967,8025
69120,7814,7795,7782,7778,7782,7794,7813,7840,7876,7919,7970,8028
69184,7817,7797,7785,7781,7785,7796,7816,7843,7878,7921,7972,8031
69248,7820,7800,7788,7784,7788,7799,7819,7846,7881,7924,7975,8034
69312,7823,7803,7791,7787,7790,7802,7821,7849,7884,7927,7978,8037
69376,7826,7806,7794,7789,7793,7805,7824,7851,7887,7930,7981,8040
69440,7829,7809,7796,7792,7796,7807,7827,7854,7889,7933,7984,8043
69504,7832,7812,7799,7795,7798,7810,7829,7857,7892,7935,7987,8046
69568,7835,7814,7802,7798,7801,7813,7832,7860,7895,7938,7990,8049
69632,7837,7817,7805,7800,7804,7815,7835,7862,7898,7941,7992,8052
69696,7840,7820,7808,7803,7807,7818,7838,7865,7901,7944,7995,8055
69760,7843,7823,7810,7806,7809,7821,7840,7868,7903,7947,7998,8057
69824,7846,7826,7813,7809,7812,7824,7843,7871,7906,7949,8001,8060
69888,7849,7828,7816,7811,7815,7826,7846,7873,7909,7952,8004,8063
69952,7852,7831,7819,7814,7818,7829,7849,7876,7912,7955,8007,8066
70016,7855,7834,7822,7817,7820,7832,7851,7879,7914,7958,8009,8069
70080,7858,7837,7824,7820,7823,7835,7854,7882,7917,7961,8012,8072
70144,7861,7840,7827,7823,7826,7837,7857,7884,7920,7964,8015,8075
70208,7863,7843,7830,7825,7829,7840,7860,7887,7923,7966,8018,8078
70272,7866,7845,7833,7828,7831,7843,7862,7890,7925,7969,8021,8081
70336,7869,7848,7836,7831,7834,7846,7865,7893,7928,7972,8024,8084
70400,7872,7851,7838,7834,7837,7848,7868,7895,7931,7975,8027,8086
70464,7875,7854,7841,7836,7840,7851,7871,7898,7934,7978,8029,8089
70528,7878,7857,7844,7839,7842,7854,7873,7901,7937,7980,8032,8092
70592,7881,7860,7847,7842,7845,7856,7876,7904,7939,7983,8035,8095
70656,7884,7862,7849,7845,7848,7859,7879,7906,7942,7986,8038,8098
70720,7886,7865,7852,7847,7851,7862,7881,7909,7945,7989,8041,8101
70784,7889,7868,7855,7850,7853,7865,7884,7912,7948,7992,8044,8104
70848,7892,7871,7858,7853,7856,7867,7887,7915,7950,7994,8046,8107
70912,7895,7874,7861,7856,7859,7870,7890,7917,7953,7997,8049,8110
70976,7898,7877,7863,7858,7862,7873,7892,7920,7956,8000,8052,8113
71040,7901,7879,7866,7861,7864,7876,7895,7923,7959,8003,8055,8115
71104,7904,7882,7869,7864,7867,7878,7898,7926,7961,8006,8058,8118
71168,7907,7885,7872,7867,7870,7881,7901,7928,7964,8008,8061,8121
71232,7909,7888,7875,7869,7873,7884,7903,7931,7967,8011,8064,8124
71296,7912,7891,7877,7872,7875,7887,7906,7934,7970,8014,8066,8127
71360,7915,7894,7880,7875,7878,7889,7909,7937,7973,8017,8069,8130
71424,7918,7896,7883,7878,7881,7892,7912,7939,7975,8020,8072,8133
71488,7921,7899,7886,7880,7884,7895,7914,7942,7978,8022,8075,8136
71552,7924,7902,7889,7883,7886,7898,7917,7945,7981,8025,8078,8139
71616,7927,7905,7891,7886,7889,7900,7920,7948,7984,8028,8081,8142
71680,7930,7908,7894,7889,7892,7903,7923,7950,7986,8031,8084,8144
71744,7932,7911,7897,7892,7894,7906,7925,7953,7989,8034,8086,8147
71808,7935,7913,7900,7894,7897,7908,7928,7956,7992,8036,8089,8150
71872,7938,7916,7902,7897,7900,7911,7931,7959,7995,8039,8092,8153
71936,7941,7919,7905,7900,7903,7914,7933,7961,7998,8042,8095,8156
72000,7944,7922,7908,7903,7905,7917,7936,7964,8000,8045,8098,8159
72064,7947,7925,7911,7905,7908,7919,7939,7967,8003,8048,8101,8162
72128,7950,7928,7914,7908,7911,7922,7942,7970,8006,8050,8103,8165
72192,7953,7930,7916,7911,7914,7925,7944,7972,8009,8053,8106,8168
72256,7956,7933,7919,7914,7916,7928,7947,7975,8011,8056,8109,8171
72320,7958,7936,7922,7916,7919,7930,7950,7978,8014,8059,8112,8173
72384,7961,7939,7925,7919,7922,7933,7953,7981,8017,8062,8115,8176
72448,7964,7942,7928,7922,7925,7936,7955,7983,8020,8064,8118,8179
72512,7967,7944,7930,7925,7927,7939,7958,7986,8022,8067,8121,8182
72576,7970,7947,7933,7927,7930,7941,7961,7989,8025,8070,8123,8185
72640,7973,7950,7936,7930,7933,7944,7964,7992,8028,8073,8126,8188
72704,7976,7953,7939,7933,7936,7947,7966,7994,8031,8076,8129,8191
72768,7979,7956,7942,7936,7938,7949,7969,7997,8034,8079,8132,8194
72832,7981,7959,7944,7938,7941,7952,7972,8000,8036,8081,8135,8197
72896,7984,7961,7947,7941,7944,7955,7975,8003,8039,8084,8138,8200
72960,7987,7964,7950,7944,7947,7958,7977,8005,8042,8087,8140,8202
73024,7990,7967,7953,7947,7949,7960,7980,8008,8045,8090,8143,8205
73088,7993,7970,7955,7950,7952,7963,7983,8011,8047,8093,8146,8208
73152,7996,7973,7958,7952,7955,7966,7985,8014,8050,8095,8149,8211
73216,7999,7976,7961,7955,7958,7969,7988,8016,8053,8098,8152,8214
73280,8002,7978,7964,7958,7960,7971,7991,8019,8056,8101,8155,8217
73344,8004,7981,7967,7961,7963,7974,7994,8022,8059,8104,8158,8220
73408,8007,7984,7969,7963,7966,7977,7996,8025,8061,8107,8160,8223
73472,8010,7987,7972,7966,7969,7980,7999,8027,8064,8109,8163,8226
73536,8013,7990,7975,7969,7971,7982,8002,8030,8067,8112,8166,8229
73600,8016,7993,7978,7972,7974,7985,8005,8033,8070,8115,8169,8232
73664,8019,7995,7981,7974,7977,7988,8007,8036,8072,8118,8172,8234
73728,8022,7998,7983,7977,7980,7991,8010,8038,8075,8121,8175,8237
73792,8025,8001,7986,7980,7982,7993,8013,8041,8078,8123,8177,8240
73856,8027,8004,7989,7983,7985,7996,8016,8044,8081,8126,8180,8243
73920,8030,8007,7992,7985,7988,7999,8018,8047,8083,8129,8183,8246
73984,8033,8010,7995,7988,7990,8001,8021,8049,8086,8132,8186,8249
74048,8036,8012,7997,7991,7993,8004,8024,8052,8089,8135,8189,8252
74112,8039,8015,8000,7994,7996,8007,8027,8055,8092,8137,8192,8255
74176,8042,8018,8003,7996,7999,8010,8029,8058,8095,8140,8195,8258
74240,8045,8021,8006,7999,8001,8012,8032,8060,8097,8143,8197,8261
74304,8048,8024,8009,8002,8004,8015,8035,8063,8100,8146,8200,8263
74368,8050,8027,8011,8005,8007,8018,8037,8066,8103,8149,8203,8266
74432,8053,8029,8014,8008,8010,8021,8040,8069,8106,8151,8206,8269
74496,8056,8032,8017,8010,8012,8023,8043,8071,8108,8154,8209,8272
74560,8059,8035,8020,8013,8015,8026,8046,8074,8111,8157,8212,8275
74624,8062,8038,8022,8016,8018,8029,8048,8077,8114,8160,8215,8278
74688,8065,8041,8025,8019,8021,8032,8051,8080,8117,8163,8217,8281
74752,8068,8044,8028,8021,8023,8034,8054,8082,8120,8165,8220,8284
74816,8071,8046,8031,8024,8026,8037,8057,8085,8122,8168,8223,8287
74880,8074,8049,8034,8027,8029,8040,8059,8088,8125,8171,8226,8290
74944,8076,8052,8036,8030,8032,8042,8062,8091,8128,8174,8229,8292
75008,8079,8055,8039,8032,8034,8045,8065,8093,8131,8177,8232,8295
75072,8082,8058,8042,8035,8037,8048,8068,8096,8133,8179,8234,8298
75136,8085,8060,8045,8038,8040,8051,8070,8099,8136,8182,8237,8301
75200,8088,8063,8048,8041,8043,8053,8073,8102,8139,8185,8240,8304
75264,8091,8066,8050,8043,8045,8056,8076,8104,8142,8188,8243,8307
75328,8094,8069,8053,8046,8048,8059,8079,8107,8144,8191,8246,8310
75392,8097,8072,8056,8049,8051,8062,8081,8110,8147,8194,8249,8313
75456,8099,8075,8059,8052,8054,8064,8084,8113,8150,8196,8252,8316
75520,8102,8077,8062,8054,8056,8067,8087,8115,8153,8199,8254,8319
75584,8105,8080,8064,8057,8059,8070,8089,8118,8156,8202,8257,8321
75648,8108,8083,8067,8060,8062,8073,8092,8121,8158,8205,8260,8324
75712,8111,8086,8070,8063,8065,8075,8095,8124,8161,8208,8263,8327
75776,8114,8089,8073,8066,8067,8078,8098,8126,8164,8210,8266,8330
75840,8117,8092,8075,8068,8070,8081,8100,8129,8167,8213,8269,8333
75904,8120,8094,8078,8071,8073,8084,8103,8132,8169,8216,8271,8336
75968,8122,8097,8081,8074,8076,8086,8106,8135,8172,8219,8274,8339
76032,8125,8100,8084,8077,8078,8089,8109,8137,8175,8222,8277,8342
76096,8128,8103,8087,8079,8081,8092,8111,8140,8178,8224,8280,8345
76160,8131,8106,8089,8082,8084,8094,8114,8143,8180,8227,8283,8348
76224,8134,8109,8092,8085,8087,8097,8117,8146,8183,8230,8286,8350
76288,8137,8111,8095,8088,8089,8100,8120,8148,8186,8233,8289,8353
76352,8140,8114,8098,8090,8092,8103,8122,8151,8189,8236,8291,8356
76416,8143,8117,8101,8093,8095,8105,8125,8154,8192,8238,8294,8359
76480,8145,8120,8103,8096,8097,8108,8128,8157,8194,8241,8297,8362
76544,8148,8123,8106,8099,8100,8111,8131,8159,8197,8244,8300,8365
76608,8151,8126,8109,8101,8103,8114,8133,8162,8200,8247,8303,8368
76672,8154,8128,8112,8104,8106,8116,8136,8165,8203,8250,8306,8371
76736,8157,8131,8115,8107,8108,8119,8139,8168,8205,8252,8309,8374
76800,8160,8134,8117,8110,8111,8122,8141,8170,8208,8255,8311,8377
76864,8163,8137,8120,8112,8114,8125,8144,8173,8211,8258,8314,8379
76928,8166,8140,8123,8115,8117,8127,8147,8176,8214,8261,8317,8382
76992,8169,8143,8126,8118,8119,8130,8150,8179,8217,8264,8320,8385
77056,8171,8145,8128,8121,8122,8133,8152,8181,8219,8266,8323,8388
77120,8174,8148,8131,8124,8125,8135,8155,8184,8222,8269,8326,8391
77184,8177,8151,8134,8126,8128,8138,8158,8187,8225,8272,8328,8394
77248,8180,8154,8137,8129,8130,8141,8161,8190,8228,8275,8331,8397
77312,8183,8157,8140,8132,8133,8144,8163,8192,8230,8278,8334,8400
77376,8186,8160,8142,8135,8136,8146,8166,8195,8233,8280,8337,8403
77440,8189,8162,8145,8137,8139,8149,8169,8198,8236,8283,8340,8406
77504,8192,8165,8148,8140,8141,8152,8172,8201,8239,8286,8343,8408
77568,8194,8168,8151,8143,8144,8155,8174,8203,8241,8289,8346,8411
77632,8197,8171,8154,8146,8147,8157,8177,8206,8244,8292,8348,8414
77696,8200,8174,8156,8148,8150,8160,8180,8209,8247,8294,8351,8417
77760,8203,8176,8159,8151,8152,8163,8183,8212,8250,8297,8354,8420
77824,8206,8179,8162,8154,8155,8166,8185,8214,8253,8300,8357,8423
77888,8209,8182,8165,8157,8158,8168,8188,8217,8255,8303,8360,8426
77952,8212,8185,8168,8159,8161,8171,8191,8220,8258,8306,8363,8429
78016,8215,8188,8170,8162,8163,8174,8193,8223,8261,8309,8365,8432
78080,8217,8191,8173,8165,8166,8176,8196,8225,8264,8311,8368,8435
78144,8220,8193,8176,8168,8169,8179,8199,8228,8266,8314,8371,8438
78208,8223,8196,8179,8170,8172,8182,8202,8231,8269,8317,8374,8440
78272,8226,8199,8181,8173,8174,8185,8204,8234,8272,8320,8377,8443
78336,8229,8202,8184,8176,8177,8187,8207,8236,8275,8323,8380,8446
78400,8232,8205,8187,8179,8180,8190,8210,8239,8278,8325,8383,8449
78464,8235,8208,8190,8182,8183,8193,8213,8242,8280,8328,8385,8452
78528,8238,8210,8193,8184,8185,8196,8215,8245,8283,8331,8388,8455
78592,8240,8213,8195,8187,8188,8198,8218,8247,8286,8334,8391,8458
78656,8243,8216,8198,8190,8191,8201,8221,8250,8289,8337,8394,8461
78720,8246,8219,8201,8193,8193,8204,8224,8253,8291,8339,8397,8464
78784,8249,8222,8204,8195,8196,8207,8226,8256,8294,8342,8400,8467
78848,8252,8225,8207,8198,8199,8209,8229,8258,8297,8345,8402,8469
78912,8255,8227,8209,8201,8202,8212,8232,8261,8300,8348,8405,8472
78976,8258,8230,8212,8204,8204,8215,8235,8264,8302,8351,8408,8475
79040,8261,8233,8215,8206,8207,8218,8237,8267,8305,8353,8411,8478
79104,8263,8236,8218,8209,8210,8220,8240,8269,8308,8356,8414,8481
79168,8266,8239,8221,8212,8213,8223,8243,8272,8311,8359,8417,8484
79232,8269,8242,8223,8215,8215,8226,8246,8275,8314,8362,8420,8487
79296,8272,8244,8226,8217,8218,8228,8248,8278,8316,8365,8422,8490
79360,8275,8247,8229,8220,8221,8231,8251,8280,8319,8367,8425,8493
79424,8278,8250,8232,8223,8224,8234,8254,8283,8322,8370,8428,8496
79488,8281,8253,8235,8226,8226,8237,8256,8286,8325,8373,8431,8498
79552,8284,8256,8237,8228,8229,8239,8259,8289,8327,8376,8434,8501
79616,8287,8259,8240,8231,8232,8242,8262,8291,8330,8379,8437,8504
79680,8289,8261,8243,8234,8235,8245,8265,8294,8333,8381,8440,8507
79744,8292,8264,8246,8237,8237,8248,8267,8297,8336,8384,8442,8510
79808,8295,8267,8248,8240,8240,8250,8270,8300,8338,8387,8445,8513
79872,8298,8270,8251,8242,8243,8253,8273,8302,8341,8390,8448,8516
79936,8301,8273,8254,8245,8246,8256,8276,8305,8344,8393,8451,8519
80000,8304,8276,8257,8248,8248,8259,8278,8308,8347,8395,8454,8522
80064,8307,8278,8260,8251,8251,8261,8281,8311,8350,8398,8457,8525
80128,8310,8281,8262,8253,8254,8264,8284,8313,8352,8401,8459,8527
80192,8312,8284,8265,8256,8257,8267,8287,8316,8355,8404,8462,8530
80256,8315,8287,8268,8259,8259,8269,8289,8319,8358,8407,8465,8533
80320,8318,8290,8271,8262,8262,8272,8292,8322,8361,8410,8468,8536
80384,8321,8292,8274,8264,8265,8275,8295,8324,8363,8412,8471,8539
80448,8324,8295,8276,8267,8268,8278,8298,8327,8366,8415,8474,8542
80512,8327,8298,8279,8270,8270,8280,8300,8330,8369,8418,8477,8545
80576,8330,8301,8282,8273,8273,8283,8303,8333,8372,8421,8479,8548
80640,8333,8304,8285,8275,8276,8286,8306,8335,8375,8424,8482,8551
80704,8335,8307,8288,8278,8279,8289,8308,8338,8377,8426,8485,8554
80768,8338,8309,8290,8281,8281,8291,8311,8341,8380,8429,8488,8556
80832,8341,8312,8293,8284,8284,8294,8314,8344,8383,8432,8491,8559
80896,8344,8315,8296,8286,8287,8297,8317,8346,8386,8435,8494,8562
80960,8347,8318,8299,8289,8290,8300,8319,8349,8388,8438,8496,8565
81024,8350,8321,8301,8292,8292,8302,8322,8352,8391,8440,8499,8568
81088,8353,8324,8304,8295,8295,8305,8325,8355,8394,8443,8502,8571
81152,8356,8326,8307,8297,8298,8308,8328,8357,8397,8446,8505,8574
81216,8358,8329,8310,8300,8300,8311,8330,8360,8399,8449,8508,8577
81280,8361,8332,8313,8303,8303,8313,8333,8363,8402,8452,8511,8580
81344,8364,8335,8315,8306,8306,8316,8336,8366,8405,8454,8514,8583
81408,8367,8338,8318,8309,8309,8319,8339,8368,8408,8457,8516,8585
81472,8370,8341,8321,8311,8311,8321,8341,8371,8411,8460,8519,8588
81536,8373,8343,8324,8314,8314,8324,8344,8374,8413,8463,8522,8591
81600,8376,8346,8327,8317,8317,8327,8347,8377,8416,8466,8525,8594
81664,8379,8349,8329,8320,8320,8330,8350,8379,8419,8468,8528,8597
81728,8382,8352,8332,8322,8322,8332,8352,8382,8422,8471,8531,8600
81792,8384,8355,8335,8325,8325,8335,8355,8385,8424,8474,8534,8603
81856,8387,8358,8338,8328,8328,8338,8358,8388,8427,8477,8536,8606
81920,8390,8360,8341,8331,8331,8341,8360,8390,8430,8480,8539,8609
81984,8393,8363,8343,8333,8333,8343,8363,8393,8433,8482,8542,8612
82048,8396,8366,8346,8336,8336,8346,8366,8396,8436,8485,8545,8615
82112,8399,8369,8349,8339,8339,8349,8369,8399,8438,8488,8548,8617
82176,8402,8372,8352,8342,8342,8352,8371,8401,8441,8491,8551,8620
82240,8405,8375,8354,8344,8344,8354,8374,8404,8444,8494,8553,8623
82304,8407,8377,8357,8347,8347,8357,8377,8407,8447,8496,8556,8626
82368,8410,8380,8360,8350,8350,8360,8380,8410,8449,8499,8559,8629
82432,8413,8383,8363,8353,8353,8362,8382,8412,8452,8502,8562,8632
82496,8416,8386,8366,8355,8355,8365,8385,8415,8455,8505,8565,8635
82560,8419,8389,8368,8358,8358,8368,8388,8418,8458,8508,8568,8638
82624,8422,8391,8371,8361,8361,8371,8391,8420,8460,8510,8571,8641
82688,8425,8394,8374,8364,8364,8373,8393,8423,8463,8513,8573,8644
82752,8428,8397,8377,8367,8366,8376,8396,8426,8466,8516,8576,8646
82816,8430,8400,8380,8369,8369,8379,8399,8429,8469,8519,8579,8649
82880,8433,8403,8382,8372,8372,8382,8402,8431,8472,8522,8582,8652
82944,8436,8406,8385,8375,8375,8384,8404,8434,8474,8525,8585,8655
83008,8439,8408,8388,8378,8377,8387,8407,8437,8477,8527,8588,8658
83072,8442,8411,8391,8380,8380,8390,8410,8440,8480,8530,8590,8661
83136,8445,8414,8394,8383,8383,8393,8412,8442,8483,8533,8593,8664
83200,8448,8417,8396,8386,8386,8395,8415,8445,8485,8536,8596,8667
83264,8451,8420,8399,8389,8388,8398,8418,8448,8488,8539,8599,8670
83328,8453,8423,8402,8391,8391,8401,8421,8451,8491,8541,8602,8673
83392,8456,8425,8405,8394,8394,8403,8423,8453,8494,8544,8605,8675
83456,8459,8428,8408,8397,8396,8406,8426,8456,8497,8547,8608,8678
83520,8462,8431,8410,8400,8399,8409,8429,8459,8499,8550,8610,8681
83584,8465,8434,8413,8402,8402,8412,8432,8462,8502,8553,8613,8684
83648,8468,8437,8416,8405,8405,8414,8434,8464,8505,8555,8616,8687
83712,8471,8440,8419,8408,8407,8417,8437,8467,8508,8558,8619,8690
83776,8474,8442,8421,8411,8410,8420,8440,8470,8510,8561,8622,8693
83840,8476,8445,8424,8413,8413,8423,8443,8473,8513,8564,8625,8696
83904,8479,8448,8427,8416,8416,8425,8445,8475,8516,8567,8627,8699
83968,8482,8451,8430,8419,8418,8428,8448,8478,8519,8569,8630,8702
84032,8485,8454,8433,8422,8421,8431,8451,8481,8521,8572,8633,8704
84096,8488,8457,8435,8425,8424,8434,8454,8484,8524,8575,8636,8707
84160,8491,8459,8438,8427,8427,8436,8456,8486,8527,8578,8639,8710
84224,8494,8462,8441,8430,8429,8439,8459,8489,8530,8581,8642,8713
84288,8497,8465,8444,8433,8432,8442,8462,8492,8533,8583,8645,8716
84352,8500,8468,8447,8436,8435,8445,8464,8495,8535,8586,8647,8719
84416,8502,8471,8449,8438,8438,8447,8467,8497,8538,8589,8650,8722
84480,8505,8474,8452,8441,8440,8450,8470,8500,8541,8592,8653,8725
84544,8508,8476,8455,8444,8443,8453,8473,8503,8544,8595,8656,8728
84608,8511,8479,8458,8447,8446,8455,8475,8506,8546,8597,8659,8731
84672,8514,8482,8461,8449,8449,8458,8478,8508,8549,8600,8662,8733
84736,8517,8485,8463,8452,8451,8461,8481,8511,8552,8603,8665,8736
84800,8520,8488,8466,8455,8454,8464,8484,8514,8555,8606,8667,8739
84864,8523,8491,8469,8458,8457,8466,8486,8517,8557,8609,8670,8742
84928,8525,8493,8472,8460,8460,8469,8489,8519,8560,8611,8673,8745
84992,8528,8496,8474,8463,8462,8472,8492,8522,8563,8614,8676,8748
85056,8531,8499,8477,8466,8465,8475,8495,8525,8566,8617,8679,8751
85120,8534,8502,8480,8469,8468,8477,8497,8528,8569,8620,8682,8754
85184,8537,8505,8483,8471,8471,8480,8500,8530,8571,8623,8684,8757
85248,8540,8507,8486,8474,8473,8483,8503,8533,8574,8625,8687,8760
85312,8543,8510,8488,8477,8476,8486,8506,8536,8577,8628,8690,8762
85376,8546,8513,8491,8480,8479,8488,8508,8539,8580,8631,8693,8765
85440,8548,8516,8494,8483,8482,8491,8511,8541,8582,8634,8696,8768
85504,8551,8519,8497,8485,8484,8494,8514,8544,8585,8637,8699,8771
85568,8554,8522,8500,8488,8487,8496,8516,8547,8588,8640,8702,8774
85632,8557,8524,8502,8491,8490,8499,8519,8550,8591,8642,8704,8777
85696,8560,8527,8505,8494,8492,8502,8522,8552,8594,8645,8707,8780
85760,8563,8530,8508,8496,8495,8505,8525,8555,8596,8648,8710,8783
85824,8566,8533,8511,8499,8498,8507,8527,8558,8599,8651,8713,8786
85888,8569,8536,8514,8502,8501,8510,8530,8561,8602,8654,8716,8789
85952,8571,8539,8516,8505,8503,8513,8533,8563,8605,8656,8719,8791
86016,8574,8541,8519,8507,8506,8516,8536,8566,8607,8659,8721,8794
86080,8577,8544,8522,8510,8509,8518,8538,8569,8610,8662,8724,8797
86144,8580,8547,8525,8513,8512,8521,8541,8572,8613,8665,8727,8800
86208,8583,8550,8527,8516,8514,8524,8544,8574,8616,8668,8730,8803
86272,8586,8553,8530,8518,8517,8527,8547,8577,8618,8670,8733,8806
86336,8589,8556,8533,8521,8520,8529,8549,8580,8621,8673,8736,8809
86400,8592,8558,8536,8524,8523,8532,8552,8583,8624,8676,8739,8812
86464,8595,8561,8539,8527,8525,8535,8555,8585,8627,8679,8741,8815
86528,8597,8564,8541,8529,8528,8538,8558,8588,8630,8682,8744,8818
86592,8600,8567,8544,8532,8531,8540,8560,8591,8632,8684,8747,8821
86656,8603,8570,8547,8535,8534,8543,8563,8594,8635,8687,8750,8823
86720,8606,8573,8550,8538,8536,8546,8566,8596,8638,8690,8753,8826
86784,8609,8575,8553,8541,8539,8548,8568,8599,8641,8693,8756,8829
86848,8612,8578,8555,8543,8542,8551,8571,8602,8643,8696,8759,8832
86912,8615,8581,8558,8546,8545,8554,8574,8605,8646,8698,8761,8835
86976,8618,8584,8561,8549,8547,8557,8577,8607,8649,8701,8764,8838
87040,8620,8587,8564,8552,8550,8559,8579,8610,8652,8704,8767,8841
87104,8623,8590,8567,8554,8553,8562,8582,8613,8655,8707,8770,8844
87168,8626,8592,8569,8557,8556,8565,8585,8616,8657,8710,8773,8847
87232,8629,8595,8572,8560,8558,8568,8588,8618,8660,8712,8776,8850
87296,8632,8598,8575,8563,8561,8570,8590,8621,8663,8715,8778,8852
87360,8635,8601,8578,8565,8564,8573,8593,8624,8666,8718,8781,8855
87424,8638,8604,8581,8568,8567,8576,8596,8627,8668,8721,8784,8858
87488,8641,8607,8583,8571,8569,8579,8599,8629,8671,8724,8787,8861
87552,8643,8609,8586,8574,8572,8581,8601,8632,8674,8726,8790,8864
87616,8646,8612,8589,8576,8575,8584,8604,8635,8677,8729,8793,8867
87680,8649,8615,8592,8579,8578,8587,8607,8638,8679,8732,8796,8870
87744,8652,8618,8594,8582,8580,8589,8610,8640,8682,8735,8798,8873
87808,8655,8621,8597,8585,8583,8592,8612,8643,8685,8738,8801,8876
87872,8658,8623,8600,8587,8586,8595,8615,8646,8688,8740,8804,8879
87936,8661,8626,8603,8590,8589,8598,8618,8649,8691,8743,8807,8881
88000,8664,8629,8606,8593,8591,8600,8620,8651,8693,8746,8810,8884
88064,8666,8632,8608,8596,8594,8603,8623,8654,8696,8749,8813,8887
88128,8669,8635,8611,8599,8597,8606,8626,8657,8699,8752,8815,8890
88192,8672,8638,8614,8601,8599,8609,8629,8660,8702,8755,8818,8893
88256,8675,8640,8617,8604,8602,8611,8631,8662,8704,8757,8821,8896
88320,8678,8643,8620,8607,8605,8614,8634,8665,8707,8760,8824,8899
88384,8681,8646,8622,8610,8608,8617,8637,8668,8710,8763,8827,8902
88448,8684,8649,8625,8612,8610,8620,8640,8671,8713,8766,8830,8905
88512,8687,8652,8628,8615,8613,8622,8642,8673,8715,8769,8833,8908
88576,8689,8655,8631,8618,8616,8625,8645,8676,8718,8771,8835,8910
88640,8692,8657,8634,8621,8619,8628,8648,8679,8721,8774,8838,8913
88704,8695,8660,8636,8623,8621,8631,8651,8682,8724,8777,8841,8916
88768,8698,8663,8639,8626,8624,8633,8653,8684,8727,8780,8844,8919
88832,8701,8666,8642,8629,8627,8636,8656,8687,8729,8783,8847,8922
88896,8704,8669,8645,8632,8630,8639,8659,8690,8732,8785,8850,8925
88960,8707,8672,8647,8634,8632,8641,8662,8693,8735,8788,8852,8928
89024,8710,8674,8650,8637,8635,8644,8664,8695,8738,8791,8855,8931
89088,8713,8677,8653,8640,8638,8647,8667,8698,8740,8794,8858,8934
89152,8715,8680,8656,8643,8641,8650,8670,8701,8743,8797,8861,8937
89216,8718,8683,8659,8645,8643,8652,8672,8704,8746,8799,8864,8939
89280,8721,8686,8661,8648,8646,8655,8675,8706,8749,8802,8867,8942
89344,8724,8689,8664,8651,8649,8658,8678,8709,8752,8805,8870,8945
89408,8727,8691,8667,8654,8652,8661,8681,8712,8754,8808,8872,8948
89472,8730,8694,8670,8656,8654,8663,8683,8715,8757,8811,8875,8951
89536,8733,8697,8673,8659,8657,8666,8686,8717,8760,8813,8878,8954
89600,8736,8700,8675,8662,8660,8669,8689,8720,8763,8816,8881,8957
89664,8738,8703,8678,8665,8663,8672,8692,8723,8765,8819,8884,8960
89728,8741,8706,8681,8668,8665,8674,8694,8726,8768,8822,8887,8963
89792,8744,8708,8684,8670,8668,8677,8697,8728,8771,8825,8890,8966
89856,8747,8711,8687,8673,8671,8680,8700,8731,8774,8827,8892,8968
89920,8750,8714,8689,8676,8674,8682,8703,8734,8776,8830,8895,8971
89984,8753,8717,8692,8679,8676,8685,8705,8737,8779,8833,8898,8974
90048,8756,8720,8695,8681,8679,8688,8708,8739,8782,8836,8901,8977
90112,8759,8723,8698,8684,8682,8691,8711,8742,8785,8839,8904,8980
90176,8761,8725,8700,8687,8685,8693,8714,8745,8788,8841,8907,8983
90240,8764,8728,8703,8690,8687,8696,8716,8748,8790,8844,8909,8986
90304,8767,8731,8706,8692,8690,8699,8719,8750,8793,8847,8912,8989
90368,8770,8734,8709,8695,8693,8702,8722,8753,8796,8850,8915,8992
90432,8773,8737,8712,8698,8695,8704,8724,8756,8799,8853,8918,8995
90496,8776,8739,8714,8701,8698,8707,8727,8759,8801,8855,8921,8997
90560,8779,8742,8717,8703,8701,8710,8730,8761,8804,8858,8924,9000
90624,8782,8745,8720,8706,8704,8713,8733,8764,8807,8861,8927,9003
90688,8784,8748,8723,8709,8706,8715,8735,8767,8810,8864,8929,9006
90752,8787,8751,8726,8712,8709,8718,8738,8770,8813,8867,8932,9009
90816,8790,8754,8728,8714,8712,8721,8741,8772,8815,8870,8935,9012
90880,8793,8756,8731,8717,8715,8723,8744,8775,8818,8872,8938,9015
90944,8796,8759,8734,8720,8717,8726,8746,8778,8821,8875,8941,9018
91008,8799,8762,8737,8723,8720,8729,8749,8781,8824,8878,8944,9021
91072,8802,8765,8740,8726,8723,8732,8752,8783,8826,8881,8946,9024
91136,8805,8768,8742,8728,8726,8734,8755,8786,8829,8884,8949,9027
91200,8808,8771,8745,8731,8728,8737,8757,8789,8832,8886,8952,9029
91264,8810,8773,8748,8734,8731,8740,8760,8792,8835,8889,8955,9032
91328,8813,8776,8751,8737,8734,8743,8763,8794,8837,8892,8958,9035
91392,8816,8779,8754,8739,8737,8745,8766,8797,8840,8895,8961,9038
91456,8819,8782,8756,8742,8739,8748,8768,8800,8843,8898,8964,9041
91520,8822,8785,8759,8745,8742,8751,8771,8803,8846,8900,8966,9044
91584,8825,8788,8762,8748,8745,8754,8774,8805,8849,8903,8969,9047
91648,8828,8790,8765,8750,8748,8756,8776,8808,8851,8906,8972,9050
91712,8831,8793,8767,8753,8750,8759,8779,8811,8854,8909,8975,9053
91776,8833,8796,8770,8756,8753,8762,8782,8814,8857,8912,8978,9056
91840,8836,8799,8773,8759,8756,8765,8785,8816,8860,8914,8981,9058
91904,8839,8802,8776,8761,8759,8767,8787,8819,8862,8917,8983,9061
91968,8842,8805,8779,8764,8761,8770,8790,8822,8865,8920,8986,9064
92032,8845,8807,8781,8767,8764,8773,8793,8825,8868,8923,8989,9067
92096,8848,8810,8784,8770,8767,8775,8796,8827,8871,8926,8992,9070
92160,8851,8813,8787,8772,8770,8778,8798,8830,8874,8928,8995,9073
92224,8854,8816,8790,8775,8772,8781,8801,8833,8876,8931,8998,9076
92288,8856,8819,8793,8778,8775,8784,8804,8836,8879,8934,9001,9079
92352,8859,8822,8795,8781,8778,8786,8807,8838,8882,8937,9003,9082
92416,8862,8824,8798,8784,8781,8789,8809,8841,8885,8940,9006,9085
92480,8865,8827,8801,8786,8783,8792,8812,8844,8887,8942,9009,9087
92544,8868,8830,8804,8789,8786,8795,8815,8847,8890,8945,9012,9090
92608,8871,8833,8807,8792,8789,8797,8818,8849,8893,8948,9015,9093
92672,8874,8836,8809,8795,8791,8800,8820,8852,8896,8951,9018,9096
92736,8877,8839,8812,8797,8794,8803,8823,8855,8898,8954,9021,9099
92800,8879,8841,8815,8800,8797,8806,8826,8858,8901,8956,9023,9102
92864,8882,8844,8818,8803,8800,8808,8829,8860,8904,8959,9026,9105
92928,8885,8847,8820,8806,8802,8811,8831,8863,8907,8962,9029,9108
92992,8888,8850,8823,8808,8805,8814,8834,8866,8910,8965,9032,9111
93056,8891,8853,8826,8811,8808,8816,8837,8869,8912,8968,9035,9114
93120,8894,8855,8829,8814,8811,8819,8839,8871,8915,8970,9038,9116
93184,8897,8858,8832,8817,8813,8822,8842,8874,8918,8973,9040,9119
93248,8900,8861,8834,8819,8816,8825,8845,8877,8921,8976,9043,9122
93312,8902,8864,8837,8822,8819,8827,8848,8880,8923,8979,9046,9125
93376,8905,8867,8840,8825,8822,8830,8850,8882,8926,8982,9049,9128
93440,8908,8870,8843,8828,8824,8833,8853,8885,8929,8985,9052,9131
93504,8911,8872,8846,8830,8827,8836,8856,8888,8932,8987,9055,9134
93568,8914,8875,8848,8833,8830,8838,8859,8891,8934,8990,9058,9137
93632,8917,8878,8851,8836,8833,8841,8861,8893,8937,8993,9060,9140
93696,8920,8881,8854,8839,8835,8844,8864,8896,8940,8996,9063,9143
93760,8923,8884,8857,8842,8838,8847,8867,8899,8943,8999,9066,9145
93824,8926,8887,8860,8844,8841,8849,8870,8902,8946,9001,9069,9148
93888,8928,8889,8862,8847,8844,8852,8872,8904,8948,9004,9072,9151
93952,8931,8892,8865,8850,8846,8855,8875,8907,8951,9007,9075,9154
94016,8934,8895,8868,8853,8849,8858,8878,8910,8954,9010,9077,9157
94080,8937,8898,8871,8855,8852,8860,8881,8913,8957,9013,9080,9160
94144,8940,8901,8873,8858,8855,8863,8883,8915,8959,9015,9083,9163
94208,8943,8904,8876,8861,8857,8866,8886,8918,8962,9018,9086,9166
94272,8946,8906,8879,8864,8860,8868,8889,8921,8965,9021,9089,9169
94336,8949,8909,8882,8866,8863,8871,8891,8924,8968,9024,9092,9172
94400,8951,8912,8885,8869,8866,8874,8894,8926,8971,9027,9095,9174
94464,8954,8915,8887,8872,8868,8877,8897,8929,8973,9029,9097,9177
94528,8957,8918,8890,8875,8871,8879,8900,8932,8976,9032,9100,9180
94592,8960,8921,8893,8877,8874,8882,8902,8935,8979,9035,9103,9183
94656,8963,8923,8896,8880,8877,8885,8905,8937,8982,9038,9106,9186
94720,8966,8926,8899,8883,8879,8888,8908,8940,8984,9041,9109,9189
94784,8969,8929,8901,8886,8882,8890,8911,8943,8987,9043,9112,9192
94848,8972,8932,8904,8888,8885,8893,8913,8946,8990,9046,9115,9195
94912,8974,8935,8907,8891,8888,8896,8916,8948,8993,9049,9117,9198
94976,8977,8938,8910,8894,8890,8899,8919,8951,8995,9052,9120,9201
95040,8980,8940,8913,8897,8893,8901,8922,8954,8998,9055,9123,9204
95104,8983,8943,8915,8900,8896,8904,8924,8957,9001,9057,9126,9206
95168,8986,8946,8918,8902,8898,8907,8927,8959,9004,9060,9129,9209
95232,8989,8949,8921,8905,8901,8909,8930,8962,9007,9063,9132,9212
95296,8992,8952,8924,8908,8904,8912,8933,8965,9009,9066,9134,9215
95360,8995,8955,8926,8911,8907,8915,8935,8968,9012,9069,9137,9218
95424,8997,8957,8929,8913,8909,8918,8938,8970,9015,9071,9140,9221
95488,9000,8960,8932,8916,8912,8920,8941,8973,9018,9074,9143,9224
95552,9003,8963,8935,8919,8915,8923,8943,8976,9020,9077,9146,9227
95616,9006,8966,8938,8922,8918,8926,8946,8979,9023,9080,9149,9230
95680,9009,8969,8940,8924,8920,8929,8949,8981,9026,9083,9152,9233
95744,9012,8971,8943,8927,8923,8931,8952,8984,9029,9085,9154,9235
95808,9015,8974,8946,8930,8926,8934,8954,8987,9032,9088,9157,9238
95872,9018,8977,8949,8933,8929,8937,8957,8990,9034,9091,9160,9241
95936,9021,8980,8952,8935,8931,8940,8960,8992,9037,9094,9163,9244
96000,9023,8983,8954,8938,8934,8942,8963,8995,9040,9097,9166,9247
96064,9026,8986,8957,8941,8937,8945,8965,8998,9043,9100,9169,9250
96128,9029,8988,8960,8944,8940,8948,8968,9001,9045,9102,9171,9253
96192,9032,8991,8963,8946,8942,8950,8971,9003,9048,9105,9174,9256
96256,9035,8994,8966,8949,8945,8953,8974,9006,9051,9108,9177,9259
96320,9038,8997,8968,8952,8948,8956,8976,9009,9054,9111,9180,9262
96384,9041,9000,8971,8955,8951,8959,8979,9012,9056,9114,9183,9264
96448,9044,9003,8974,8958,8953,8961,8982,9014,9059,9116,9186,9267
96512,9046,9005,8977,8960,8956,8964,8985,9017,9062,9119,9189,9270
96576,9049,9008,8980,8963,8959,8967,8987,9020,9065,9122,9191,9273
96640,9052,9011,8982,8966,8962,8970,8990,9023,9068,9125,9194,9276
96704,9055,9014,8985,8969,8964,8972,8993,9025,9070,9128,9197,9279
96768,9058,9017,8988,8971,8967,8975,8995,9028,9073,9130,9200,9282
96832,9061,9020,8991,8974,8970,8978,8998,9031,9076,9133,9203,9285
96896,9064,9022,8993,8977,8973,8981,9001,9034,9079,9136,9206,9288
96960,9067,9025,8996,8980,8975,8983,9004,9036,9081,9139,9208,9291
97024,9069,9028,8999,8982,8978,8986,9006,9039,9084,9142,9211,9293
97088,9072,9031,9002,8985,8981,8989,9009,9042,9087,9144,9214,9296
97152,9075,9034,9004,8988,8983,8991,9012,9044,9090,9147,9217,9299
97216,9078,9036,9007,8990,8986,8994,9014,9047,9092,9150,9219,9302
97280,9079,9037,9008,8992,8987,8995,9015,9048,9093,9151,9221,9303
97344,9080,9039,9010,8993,8988,8996,9017,9050,9095,9152,9222,9304
97408,9082,9040,9011,8994,8990,8998,9018,9051,9096,9154,9223,9306
97472,9083,9041,9012,8995,8991,8999,9019,9052,9097,9155,9225,9307
